,l_mean,l_std,l_entropy,l_ggd1,l_ggd2,l_aggd1,l_aggd2,l_aggd3,l_aggd4,l_gamma1,l_gamma2,a_mean,a_std,a_entropy,a_ggd1,a_ggd2,a_aggd1,a_aggd2,a_aggd3,a_aggd4,a_gamma1,a_gamma2,b_mean,b_std,b_entropy,b_ggd1,b_ggd2,b_aggd1,b_aggd2,b_aggd3,b_aggd4,b_gamma1,b_gamma2,curvature_mean,curvature_std,curvature_entropy,curvature_ggd1,curvature_ggd2,curvature_aggd1,curvature_aggd2,curvature_aggd3,curvature_aggd4,curvature_gamma1,curvature_gamma2,anisotropy_mean,anisotropy_std,anisotropy_entropy,anisotropy_ggd1,anisotropy_ggd2,anisotropy_aggd1,anisotropy_aggd2,anisotropy_aggd3,anisotropy_aggd4,anisotropy_gamma1,anisotropy_gamma2,linearity_mean,linearity_std,linearity_entropy,linearity_ggd1,linearity_ggd2,linearity_aggd1,linearity_aggd2,linearity_aggd3,linearity_aggd4
playroom_images_dark_025,10.056386393397437,7.0495366712337475,7.164733577907613,3.423691760649107,4.485816240430975,6.248370780720933,8.064053926674708,6.143626462297814,6.6608583537921096,0.06458226,0.05123704,6.888594149542478,1.7260000000000013,0.082436174,2.9110000000000027,0.3878087162917963,0.7774425,1.247177,1.5889902652834422,0.0406435828074537,0.8921795,0.100143634,6.472849307726226,10.000000000000007,0.89778143,1.9180000000000015,-0.5340676370951162,1.3612653,0.6886349,79.38174147406608,0.01123910109612345,0.56484467,0.20289657,7.17656592608363,10.000000000000007,0.6001755,2.9970000000000026,-0.08211642655296511,1.0501231,0.95086074,7.751246309213059,0.07287146827484312,0.32733476,0.18619809,7.129188435880128,10.000000000000007,0.37658036,2.9040000000000026,0.1979085635998083,0.8827715,1.1225299,3.090983211079802,0.10589987648347554,0.10782052,0.100143634,6.472849307726226,1.167000000000001,0.1471481,1.9180000000000015,0.5340675897691101,0.68863493,1.3612653,1.1593618966072086,0.09299988194273419
train_images_dark_075_edge_enhanced_both_enhanced,27.23127724358046,25.29827651788174,6.931238763451114,-0.2374085497788791,12.350043342342195,5.839397344999613,2.7126527437057963,15.446376656468896,6.060111461399106,0.09183175,0.059182923,7.257926098781832,3.9660000000000037,0.10925037,3.685000000000003,0.20314118296986067,0.88129324,1.1238405,2.4076796500367124,0.03814118345813813,0.83501875,0.12453725,6.938317642840649,10.000000000000007,0.8442545,2.474000000000002,-0.37544427526307794,1.2407156,0.78007853,44.95724138629248,0.018573620108908638,0.46554402,0.18356451,7.312938128275864,10.000000000000007,0.50042653,2.8990000000000027,-0.03322442029966792,1.0202446,0.9799896,6.432055504813491,0.07237872485026142,0.36947474,0.18814583,7.3135219318263145,10.000000000000007,0.41462028,2.9590000000000027,0.15363135794767488,0.90896857,1.0948415,3.8564353445528923,0.09580731531991367,0.16498123,0.12453725,6.938313590382937,2.0060000000000016,0.20670785,2.474000000000002,0.37544442100615655,0.7800785,1.2407157,1.7549965324271852,0.09400657891763631
truck_images_blur_3_edge_enhanced_both_enhanced,45.79174310168749,28.69271347064134,7.222045847903971,-2.0581407252524198,11.048364848428697,6.02639934112072,-7.953748180768314,16.77292116947998,6.490921060273382,0.11613189,0.056882534,7.2610296365529,10.000000000000007,0.12931442,2.8440000000000025,0.09458637023019266,0.94307303,1.0578334,4.168188925677953,0.027861472040467388,0.786118,0.12771626,6.964812227834096,10.000000000000007,0.7964251,2.281000000000002,-0.28453446062241794,1.1815072,0.8297882,37.886581017309254,0.020749245863808226,0.45233276,0.17795071,7.2886144772484815,10.000000000000007,0.48607734,2.8620000000000028,-0.039368537454499385,1.024081,0.9763376,6.461285502648252,0.07000661451741327,0.33378538,0.1739962,7.251561689355774,10.000000000000007,0.37641358,2.746000000000002,0.1858071909862951,0.88969845,1.1157283,3.6800812866477486,0.0907005416151995,0.21388194,0.12771626,6.964810926722721,8.391000000000007,0.24911208,2.281000000000002,0.28453528034715503,0.8297877,1.1815077,2.8045175489101126,0.07626335857897948
train_images_dark_025_exposure_corrected,17.804503544341095,25.106251775557578,6.349035330657324,-1.140137269574602,5.435733307446779,4.689653168976997,2.611819888833257,6.786536515758919,4.904336420593181,0.08560788,0.05652965,7.166246813425568,3.445000000000003,0.10258731,3.264000000000003,0.24370481186964874,0.8577544,1.1507257,2.2934835606997837,0.03732657260762358,0.85104877,0.117040806,6.802272130677102,10.000000000000007,0.85905874,2.2700000000000022,-0.41889401350063776,1.2727604,0.7547136,52.8755737580525,0.016095310781016916,0.51915854,0.19317226,7.317428434368058,10.000000000000007,0.5539308,2.9190000000000027,-0.08385183514739353,1.0513653,0.9498192,7.223226528695307,0.07187349295598017,0.33189026,0.1810482,7.23322031436605,10.000000000000007,0.37805822,2.7720000000000025,0.2183372910217734,0.8712795,1.136691,3.360634833891041,0.09875820491276135,0.14895119,0.117040806,6.802299563812297,1.7750000000000015,0.18943167,2.2700000000000022,0.41889454366185,0.7547133,1.2727607,1.619698413059055,0.09196230397727413
train_images_blur_7,47.638317239629224,26.459280461943806,7.4035815299083225,-1.0520384419111803,6.172113569445551,5.8949907350872754,1.63741680687725,12.630682845317942,6.434678267987064,0.09116388,0.057055935,7.221044400306711,4.885000000000004,0.10754624,3.175000000000003,0.22642161105055764,0.8673717,1.1400337,2.5529900348637966,0.03570867129321249,0.83873826,0.119826496,6.876134237790562,10.000000000000007,0.84725446,2.228000000000002,-0.402913975250737,1.2625128,0.76331085,48.99506676693477,0.0171188320258567,0.48837715,0.18567874,7.316520155982012,10.000000000000007,0.522483,2.9240000000000026,-0.07451043054216425,1.0456972,0.9554747,6.918173553528106,0.07059336936904896,0.3503611,0.18328556,7.2903979794137035,10.000000000000007,0.39540628,2.8430000000000026,0.18089079604258604,0.8928353,1.1123134,3.6540992293240038,0.09588166012003434,0.16126168,0.119826496,6.876136833113713,2.112000000000002,0.20090681,2.228000000000002,0.40291450443734433,0.76331043,1.262513,1.8111806412321698,0.08903677323134816
truck_images_blur_7_exposure_corrected,43.58594231417302,24.262844135338373,7.269715260601427,-4.316797259176905,11.253958610523336,6.236075971251778,-5.171623850032867,20.695364916771315,6.817031679041041,0.113421015,0.056259353,7.267546249605614,10.000000000000007,0.12660722,2.878000000000003,0.1124677096814301,0.9326578,1.0689957,4.064477233601394,0.02790543885006539,0.7943022,0.12559605,7.010829713671367,10.000000000000007,0.80417055,2.347000000000002,-0.30317953334822084,1.1939625,0.82021123,39.99692493060502,0.01985908116325339,0.48090848,0.18622653,7.321302804289024,10.000000000000007,0.51570606,2.7690000000000023,-0.05161411260015054,1.0316914,0.968944,6.668817281959548,0.07211301490917171,0.3133938,0.17008516,7.223243198126308,10.000000000000007,0.3565728,2.7070000000000025,0.20897610584749887,0.875964,1.1304593,3.395118484261289,0.0923071733805292,0.20569772,0.12559605,7.010832790918751,6.171000000000006,0.24100967,2.347000000000002,0.3031800651993025,0.8202108,1.1939627,2.68234113019048,0.07668588994783422
drjohnson_images_edge_enhanced_both_enhanced,51.12800421222884,45.93755200848923,5.419878052341687,1.3509147480928059,9.723887787073155,4.106587221165903,3.9251212787608902,13.739545769164602,4.210949284785958,0.06282823,0.055293836,6.889829605212018,1.320000000000001,0.08369327,3.9200000000000035,0.4705621735889419,0.74019593,1.300321,1.2911865569558358,0.04865929965136745,0.89184356,0.10936849,6.450557755768118,10.000000000000007,0.89852417,2.235000000000002,-0.6037024879343582,1.4098663,0.662125,66.50062982276813,0.013411055408101323,0.5116012,0.19718944,7.291325276790502,10.000000000000007,0.54828507,2.8960000000000026,-0.05171329658732416,1.0315685,0.9689076,6.731759673501983,0.0759981412601773,0.38024244,0.19637573,7.273623368793402,10.000000000000007,0.42795423,2.9380000000000024,0.14580732449888223,0.91337264,1.0898672,3.7495426855605416,0.10141034780048867,0.10815638,0.10936849,6.4505741458688615,0.9780000000000006,0.15381277,2.235000000000002,0.603703161654781,0.6621245,1.4098667,0.978031090231525,0.11058582976955779
train_images_blur_3_edge_enhanced,43.560832698645655,32.70144131332678,7.119679003210727,-0.747805899934508,9.991566493932638,6.000641939662199,1.96572145726973,15.11433917181119,6.216828017479911,0.09205537,0.058443848,7.1968517689798635,4.383000000000004,0.10904064,3.6310000000000033,0.2185066059424452,0.8726445,1.133739,2.4809762637978707,0.03710449511392332,0.83463943,0.12323575,6.814870075799345,10.000000000000007,0.84368837,2.417000000000002,-0.389550638788764,1.2510494,0.7721153,45.869747221019,0.01819585907472245,0.46157193,0.18132283,7.301001602655979,10.000000000000007,0.49590978,2.8510000000000026,-0.0419197276869232,1.0256662,0.9748147,6.480011066815678,0.0712301155225759,0.3730675,0.18770052,7.318878824245299,10.000000000000007,0.4176251,2.9410000000000025,0.14506489811686377,0.91383433,1.0894177,3.9504436968403667,0.09443686465219785,0.16536056,0.12323575,6.814873511088689,2.091000000000002,0.20623067,2.417000000000002,0.3895507842306546,0.77211523,1.2510495,1.800496912476092,0.09184162113195528
playroom_images_dark_050,22.357256355467293,12.21862145617703,7.397152846915455,8.395963633479122,8.456690377863435,6.654938132361457,18.120280258235983,11.173617546843152,6.9493575342303355,0.07434463,0.052379575,7.089100324084075,2.562000000000002,0.090943106,3.0440000000000027,0.323943801111973,0.8124996,1.2036712,2.014607292746419,0.0369027906347626,0.87489974,0.10519963,6.685764273942454,10.000000000000007,0.8812015,2.003000000000002,-0.4837140696655331,1.3218639,0.7157214,69.16770480258947,0.012648962938933124,0.5588512,0.20449513,7.353001629087422,10.000000000000007,0.59508944,3.0160000000000027,-0.102245618442109,1.0627668,0.9392254,7.468640241440028,0.074826364791824,0.31604856,0.1858081,7.243116926057926,10.000000000000007,0.36661988,3.067000000000003,0.23334099731848373,0.863909,1.1455339,2.8933003401203337,0.10923462292970959,0.12510024,0.10519963,6.685768574997316,1.476000000000001,0.16345227,2.003000000000002,0.48371416479698204,0.7157213,1.3218639,1.4141746288348855,0.08846165634677024
drjohnson_images_dark_075_edge_enhanced,27.035298547313516,22.40068640154816,6.904976588985998,1.76931321727725,6.469058253872957,5.995790595149363,8.51024225419874,10.091594738098083,6.290651433506768,0.089919165,0.058467723,7.223178004253751,3.7570000000000032,0.10725628,3.629000000000003,0.22558653225826247,0.86880225,1.1383644,2.365237887825188,0.03801696536910396,0.83980185,0.12257216,6.873784433343866,10.000000000000007,0.8486996,2.413000000000002,-0.39460098918057607,1.2543377,0.76912194,46.943196470756675,0.01788974578053735,0.47934195,0.18655932,7.328446119093302,10.000000000000007,0.5143665,2.8250000000000024,-0.04690133787402247,1.0287168,0.971784,6.601759146906488,0.07260821333320497,0.3604599,0.18648106,7.310860322241121,10.000000000000007,0.40584028,2.8880000000000026,0.1621380630380591,0.9037616,1.100263,3.736346012134973,0.09647390628702865,0.1601981,0.12257216,6.873781456611413,1.9220000000000015,0.20171088,2.413000000000002,0.394601522387884,0.76912165,1.254338,1.7081805530023217,0.09378289052846071
train_images_blur_3_exposure_corrected,33.0875509304055,24.94857192486712,7.238490532539072,-0.9674334621080996,8.984687013214527,6.181165161220034,0.6895333234046446,16.050144746210346,6.3706274965662875,0.093012564,0.058833238,7.221775169538228,4.502000000000004,0.11005737,3.5190000000000032,0.1873021149396027,0.89010924,1.1142957,2.4994549875666507,0.037213137959225366,0.83446205,0.12368732,6.860733469073304,10.000000000000007,0.8435789,2.4430000000000023,-0.36436777366395934,1.2333591,0.7858147,45.51666507079881,0.018333109297559186,0.48808986,0.18678531,7.319305682918086,10.000000000000007,0.5226087,2.8080000000000025,-0.05833309871945741,1.0357796,0.9649383,6.82844389681145,0.07147892793884006,0.34637222,0.18317702,7.2800909402177725,10.000000000000007,0.39182514,2.722000000000002,0.1833437443730386,0.8909247,1.1141086,3.575623241343294,0.09687045018742754,0.16553791,0.12368733,6.8607360082155395,2.0730000000000017,0.20664242,2.4430000000000023,0.36436830746156923,0.7858143,1.2333593,1.7912332074184292,0.09241561473232825
playroom_images_blur_7_edge_enhanced,49.94721343164401,25.56127459637803,7.432165521824986,15.935476821736799,18.54985558625501,6.6731971507431105,35.28433631107766,27.72430908531149,6.893589674935506,0.08027827,0.052665822,7.1199485818635955,3.570000000000003,0.09601165,3.030000000000003,0.3128449593357996,0.8191512,1.1970376,2.323518773577703,0.034550298760559865,0.8620776,0.107244484,6.7702108826699305,10.000000000000007,0.86872256,2.060000000000002,-0.46457161706929945,1.3077844,0.7274495,64.61758687712518,0.013341223704657477,0.51338017,0.19121177,7.333123651242694,10.000000000000007,0.54783255,2.8970000000000025,-0.08626042875817129,1.0530918,0.9485727,7.208699776107096,0.07121675630885768,0.34869742,0.18483001,7.270317186953527,10.000000000000007,0.3946535,2.9610000000000025,0.18381004277864546,0.8916527,1.1140273,3.559265923420355,0.09796892029103862,0.13792248,0.107244484,6.770219972339687,1.8300000000000014,0.17471056,2.060000000000002,0.4645707582010511,0.7274501,1.307784,1.6539717244132959,0.08338865405503054
truck_images_blur_5_edge_enhanced_both_enhanced,47.12358924750989,28.087578493277057,7.31377920059221,-2.2260894701241707,11.57977764900979,6.119747323421285,-7.79873192941553,17.21857551526616,6.511372978641925,0.11683492,0.056140713,7.275757072656029,10.000000000000007,0.12962314,2.8340000000000023,0.10331134326314732,0.93796986,1.0633485,4.331041658733795,0.02697617021138055,0.78512573,0.12652496,6.998798165055017,10.000000000000007,0.79525524,2.2780000000000022,-0.2934500250713051,1.1878257,0.8250397,38.50604217383284,0.020389675188155324,0.45450196,0.1782394,7.295914370277809,10.000000000000007,0.48820192,2.8400000000000025,-0.04626491401881994,1.028379,0.97224057,6.502297913214136,0.0698986614161282,0.33062372,0.17255954,7.240082723194794,10.000000000000007,0.37294593,2.7600000000000025,0.1884723893786975,0.88827246,1.1174555,3.6710720212577144,0.0900619027189539,0.21487428,0.12652496,6.998801559793887,10.000000000000007,0.24935803,2.2780000000000022,0.2934498804324429,0.82503974,1.1878256,2.884160143473821,0.07450151074960676
drjohnson_images_dark_075_edge_enhanced_both_enhanced,72.36750779499279,29.70987714675253,6.10985492317057,28.64358796850973,40.92506252944032,6.350245489745412,-7.763173947051666,40.148204581410575,6.52102826510804,0.03183426,0.03381788,6.274615107621789,0.8900000000000006,0.046441253,1.211000000000001,0.6803274498687519,0.58662486,1.5080692,0.8863449366586451,0.03591633207296554,0.9476581,0.062089458,5.984860535209531,10.000000000000007,0.9496895,0.9490000000000007,-0.7228238027663649,1.5735319,0.53744954,233.00952103547843,0.0040670362488894616,0.48443386,0.18860565,7.117958545597747,10.000000000000007,0.51984566,2.8190000000000026,-0.043911025935501106,1.0267638,0.9734525,6.5988092428654,0.07341230849931404,0.46322432,0.1896109,7.102291139972653,10.000000000000007,0.50052,2.8450000000000024,0.06365161776923582,0.961594,1.0388197,5.969832604133444,0.07759419340629904,0.05234186,0.062089458,5.984860535209531,0.7320000000000004,0.0812024,0.9490000000000007,0.7228242185987495,0.53744924,1.5735321,0.7108346146424083,0.07363437118353304
truck_images_dark_050_exposure_corrected,50.17028122476646,26.006555738402245,7.241018818292689,-3.307769834535771,11.415632360018504,6.1530782790572704,-4.03419961096337,16.927387787585765,6.5555000866203175,0.113787875,0.05659766,7.287880381895433,10.000000000000007,0.12708637,2.8370000000000024,0.1018392077328926,0.9387857,1.0623682,4.042029537123199,0.028151171248619884,0.7931334,0.12663215,7.013200540933675,10.000000000000007,0.8031787,2.288000000000002,-0.29407149388694065,1.1878065,0.82440615,39.22916508996059,0.02021795203848394,0.4775158,0.18566799,7.322234125487604,10.000000000000007,0.51234126,2.8050000000000024,-0.0508457080977984,1.031207,0.96945363,6.614635936660363,0.0721907932672844,0.31561753,0.1707892,7.211034083984039,10.000000000000007,0.3588636,2.7240000000000024,0.21670701854252092,0.87184966,1.1356316,3.41512004481865,0.09241769399024766,0.20686667,0.12663214,7.013198322461533,6.001000000000006,0.24254763,2.288000000000002,0.2940709633197535,0.82440656,1.1878062,2.66868711801726,0.07751627101108151
drjohnson_images_dark_075,20.376865314851663,15.328969919609175,7.084130990511886,3.8872433609379677,4.871919004717237,6.188985753867565,7.324230722977934,7.36769773092324,6.525495392904374,0.06652659,0.055496745,6.989634178372314,1.5060000000000011,0.08663509,3.513000000000003,0.4209558454432666,0.7642452,1.268145,1.437013040422471,0.04629504988154064,0.8850642,0.1108882,6.530064281977781,10.000000000000007,0.8919836,2.0980000000000016,-0.556146402711516,1.3748667,0.6815145,63.706536828214894,0.013892830898850314,0.5085065,0.1966043,7.361658410620958,10.000000000000007,0.54518956,2.7910000000000026,-0.04499230933083755,1.0275722,0.9729075,6.689784552102594,0.07601237802229391,0.37655768,0.19456634,7.346576105695465,10.000000000000007,0.42385292,2.9460000000000024,0.13941339934346492,0.917043,1.0857658,3.7456984432893137,0.10053070299775378,0.11493583,0.1108882,6.530059021191104,1.0760000000000007,0.15970689,2.0980000000000016,0.5561462114730217,0.6815146,1.3748666,1.074349006836428,0.1069818439297554
drjohnson_images_exposure_corrected,21.35901572360671,16.63640957315113,6.9809656082161755,3.6473213752341365,5.970872619998561,6.150773470275122,9.111730302088342,8.675185386538002,6.366933238471079,0.06872007,0.05724379,7.04176751868099,1.5120000000000011,0.08943853,4.086000000000004,0.3806636531743113,0.7856242,1.2378747,1.4411753763137227,0.047683351230390754,0.8807124,0.11494221,6.6013886243003315,10.000000000000007,0.88818115,2.288000000000002,-0.5266785155433145,1.3488084,0.69796276,58.71046299260706,0.01500094443162446,0.5099699,0.19723403,7.3622322249806285,10.000000000000007,0.5467814,2.7810000000000024,-0.04449237626966428,1.0272665,0.97319466,6.685466158786824,0.07628037452216412,0.37074253,0.19469117,7.340005905093539,10.000000000000007,0.4187531,2.9510000000000027,0.15036534460022544,0.9107005,1.0926563,3.626258054822884,0.10223831954764087,0.11928761,0.11494221,6.601411172706225,1.0790000000000008,0.16565341,2.288000000000002,0.5266785155433145,0.69796276,1.3488084,1.0770552206397497,0.11075347737992575
truck_images_dark_025,10.273093873072028,9.157540983654805,6.577197586341023,-1.4155488677936052,2.352799028918516,5.206626197813063,-0.08212453349579973,3.9333189124354053,5.736817262479072,0.10437739,0.057492197,7.284011731790441,10.000000000000007,0.11916338,2.974000000000003,0.1391292541291431,0.9170412,1.0853096,3.2961394493328413,0.03166655726293378,0.81380945,0.1251518,6.954965903024703,10.000000000000007,0.8233762,2.356000000000002,-0.32905478900216845,1.2109222,0.8054174,42.28455963853867,0.01924601889389175,0.5064959,0.19333266,7.335802202643425,10.000000000000007,0.54213893,2.8180000000000023,-0.05926383360211728,1.0363216,0.964369,6.863599863100717,0.07379448976888112,0.30731353,0.17214803,7.18849474642956,10.000000000000007,0.35224402,2.6600000000000024,0.23769991790529632,0.8596872,1.1495631,3.18690967127219,0.09642994628613284,0.1861906,0.1251518,6.954979592719013,3.147000000000003,0.22434245,2.356000000000002,0.3290541602266145,0.80541784,1.2109219,2.2133590755586283,0.08412128056858996
train_images_dark_050_edge_enhanced_both_enhanced,18.31090161920363,19.38724661006446,6.489129488784447,-0.16595954509436966,8.2174219245012,5.344078626731387,1.7725147634313696,10.6272617992424,5.6236736941794465,0.10205318,0.058692582,7.23223112493488,10.000000000000007,0.11772696,3.136000000000003,0.15723728503807205,0.9067149,1.096213,3.0233700587201042,0.033754777971557196,0.8147915,0.12713562,6.885486757081045,10.000000000000007,0.8246504,2.312000000000002,-0.3423880797236727,1.2199754,0.7972904,41.07363583509232,0.01983733439675025,0.46130493,0.18139033,7.2925878574153025,10.000000000000007,0.4956857,2.7780000000000022,-0.03860094564164447,1.0236474,0.97673166,6.467740202111827,0.07132397285858631,0.3534865,0.18251406,7.279366811470941,10.000000000000007,0.39782372,2.8200000000000025,0.17415000841955305,0.8968388,1.1082644,3.7510922015432158,0.09423562450428165,0.18520862,0.1271356,6.885504044277175,2.8550000000000026,0.22464533,2.312000000000002,0.34238692096451523,0.7972912,1.2199748,2.1222311133176532,0.08727071013270686
truck_images_blur_3_exposure_corrected,40.85244946432332,25.079056352469397,7.237299345991857,-3.8792364899303977,10.587308301949168,6.147416922896609,-4.827447411505639,19.492316298678254,6.737576252922072,0.11191581,0.05733936,7.280162664526056,10.000000000000007,0.12574944,2.8580000000000023,0.10401430122860153,0.9374984,1.0636524,3.8096185924715087,0.0293771682071434,0.7967783,0.12736244,6.9687914887720686,10.000000000000007,0.8068932,2.311000000000002,-0.29612840198729434,1.1891072,0.82351565,39.13781097008746,0.020358276001946122,0.47912386,0.18597987,7.315336312500511,10.000000000000007,0.51395315,2.8640000000000025,-0.046787075528481784,1.0286405,0.9719033,6.636941610996473,0.07219045499848672,0.31765446,0.17183065,7.214309542921759,10.000000000000007,0.3611507,2.7980000000000027,0.21515147779186625,0.87329143,1.1346468,3.4175345109811275,0.0929484249896497,0.20322174,0.12736244,6.968793161024836,4.832000000000004,0.23983347,2.311000000000002,0.29612772607229815,0.82351613,1.1891068,2.546020038431962,0.07981937911429324
glomap+both_pingpong,46.773776748687595,26.84726861674861,6.842013407827835,2.1148319041095522,8.896584306068194,6.1785010653092165,-21.379607687604985,14.76929207115733,6.387168475213838,0.052105844,0.047647048,6.418333734227945,1.2090000000000007,0.07059939,2.249000000000002,0.6222370104812246,0.65802747,1.4282497,1.1964361414813993,0.04355088153066804,0.91321677,0.09318917,6.073398357422552,10.000000000000007,0.9179571,1.386000000000001,-0.7036520526691005,1.5170473,0.58792865,96.07391404995815,0.009505356283681252,0.5328261,0.19735657,6.86132954159016,10.000000000000007,0.56818694,3.0440000000000027,-0.1137692023849878,1.0697857,0.93240607,7.292164638966142,0.07306830257576719,0.3803906,0.19403772,6.849470853614411,10.000000000000007,0.4270027,2.9700000000000024,0.14527660126339612,0.9132954,1.089015,3.8448186540927622,0.09893590814038693,0.08678325,0.09318917,6.073398357422552,0.8720000000000006,0.1273255,1.386000000000001,0.7036516915446616,0.5879289,1.517047,0.8676199950850929,0.10002449198981485
train_images_dark_025_edge_enhanced_both_enhanced,20.108222002094138,28.60886031863252,6.122262810821681,1.90592099661377,13.693273055340006,4.923969496849468,1.9912341064266743,13.71331406261107,5.026135997573105,0.085049905,0.058262847,7.16954546005956,2.8820000000000023,0.10309139,3.705000000000003,0.2535168733312671,0.8530958,1.1557064,2.1310369371363436,0.03991010445652411,0.85091865,0.12058236,6.816000251635402,10.000000000000007,0.85941947,2.394000000000002,-0.42777877430344863,1.2775961,0.7512065,49.80067920616625,0.017086486492693113,0.50892735,0.19102423,7.273387676966159,10.000000000000007,0.54359454,2.8650000000000024,-0.07598321827250949,1.0466429,0.9545028,7.098414265672147,0.07169591766522972,0.3419914,0.18398976,7.2380743745608775,10.000000000000007,0.3883404,2.7690000000000023,0.20724091380051726,0.87745225,1.1293956,3.45517264996397,0.09897953537097658,0.1490813,0.12058236,6.816000251635402,1.6350000000000013,0.19174056,2.394000000000002,0.4277793555672564,0.75120616,1.2775965,1.5286410582671692,0.09752537424169339
playroom_images_blur_3_edge_enhanced_both_enhanced,41.65542270824594,23.398957219019167,7.316544722917124,13.337778225164984,16.19025235934869,6.640572099780613,28.708360137629864,23.65190632555893,6.832324464479303,0.078080036,0.05378361,7.10405223630714,2.8130000000000024,0.09481095,3.102000000000003,0.3289287778597163,0.81026846,1.2069645,2.107598254048071,0.03704692800137511,0.8659154,0.109694816,6.701774183729412,10.000000000000007,0.8728357,2.0020000000000016,-0.48620463235051253,1.3237842,0.7144863,62.314122658995075,0.013895974503319624,0.5181665,0.19421017,7.35275808181658,10.000000000000007,0.5533655,2.8070000000000026,-0.08990456397680976,1.0555677,0.9463823,7.118727709121288,0.07278920281786282,0.34774885,0.1875424,7.292138694004632,10.000000000000007,0.39509594,2.8380000000000027,0.1836093399303491,0.89110184,1.1139071,3.4382711864054727,0.10114060621178204,0.13408464,0.109694816,6.7017854200851605,1.5860000000000012,0.17323807,2.0020000000000016,0.486204014031152,0.7144867,1.3237839,1.494147977273542,0.08973987171449054
train_images_dark_050_exposure_corrected,14.952862387627492,13.423206217058784,6.434086637433221,-0.9392884476064024,4.315780268767437,5.8681989826098855,1.7169881568080214,7.285840167819411,6.090973433638296,0.09167585,0.05796827,7.236730236942798,4.513000000000004,0.1084652,3.391000000000003,0.19334922358140366,0.8859885,1.1178977,2.5011503371676014,0.036653473651894586,0.8380515,0.12162255,6.873136497419652,10.000000000000007,0.84683055,2.305000000000002,-0.37257804660425936,1.2394005,0.7793124,47.481435748705735,0.017650086703944624,0.49993557,0.18930839,7.304734323102792,10.000000000000007,0.5345768,2.8340000000000023,-0.07271799759167326,1.0447514,0.9565008,6.974272929612425,0.07168282153254743,0.33811593,0.18146256,7.273592609943892,10.000000000000007,0.383732,2.8430000000000026,0.20388798199420177,0.8799341,1.127315,3.471905865343615,0.09738626637569757,0.1619485,0.121622555,6.873137812525715,2.039000000000002,0.20253147,2.305000000000002,0.37257799833658956,0.7793123,1.2394004,1.773112394909404,0.0913357223113909
playroom_images_blur_5_exposure_corrected,37.19565116022612,17.91913443001595,7.177050771933835,12.336079282755426,13.082407308476247,6.530309206826549,28.11548220772129,18.098278186176497,6.952248753390954,0.06266195,0.052619945,6.94960196632142,1.481000000000001,0.08182403,2.9930000000000025,0.4267989380564569,0.7573961,1.2733579,1.4182069588413384,0.04418392827434809,0.8945349,0.10344538,6.556171940800094,10.000000000000007,0.9004959,1.8870000000000016,-0.56123744632657,1.3811284,0.6728869,74.78334742743846,0.011961685856580978,0.55303097,0.20729612,7.305177399647219,10.000000000000007,0.5906029,3.0760000000000027,-0.09738484119226412,1.0596937,0.94218034,7.11785497473835,0.07769629242906265,0.34150392,0.19458885,7.248298021509554,10.000000000000007,0.39304826,3.014000000000003,0.20568594210811622,0.87931895,1.1278565,3.0802643267867467,0.11086838154583861,0.10546508,0.10344538,6.55614430896445,1.0400000000000007,0.1477262,1.8870000000000016,0.5612378714234023,0.6728866,1.3811287,1.0395076564023498,0.10145676285345918
glomap_exposure_pingpong,46.58519669104495,19.68593835824234,6.689312433667917,2.6136765115958127,8.473010994222049,6.17264444356653,-26.40147961335999,15.54931613708226,6.289690870365372,0.047388203,0.04710689,6.143687121768126,1.0130000000000008,0.06680679,2.072000000000002,0.5481231296011435,0.6823273,1.3665987,1.01268809926529,0.046794475479428374,0.9229794,0.089548156,5.916525494252442,10.000000000000007,0.9273102,1.283000000000001,-0.6811915406600314,1.5033803,0.5911742,106.31013009244634,0.008681951088929768,0.5727615,0.20427173,6.518578712011713,10.000000000000007,0.60807353,3.9070000000000036,-0.15437572467697827,1.0940862,0.9102988,7.867468972588597,0.07280123581090123,0.35021794,0.19949579,6.500227793684094,10.000000000000007,0.4030178,3.6310000000000033,0.21686587557668527,0.87396675,1.1331007,3.0839925069613514,0.113559921736164,0.0770206,0.089548156,5.917861773122201,0.7580000000000005,0.11809079,1.283000000000001,0.6811913626205326,0.5911743,1.5033802,0.7402943503412338,0.10404050457767353
playroom_images_dark_075_exposure_corrected,26.61440240088857,15.027757172054633,7.4231977781329,7.402181053491517,9.555265933870029,6.494440409009176,17.743223717360273,13.752154534430256,7.046421349922256,0.07787262,0.053928237,7.123361694838492,2.7490000000000023,0.09472231,3.0840000000000027,0.3038416847810306,0.8235811,1.1901612,2.0852090037670337,0.037345234473758655,0.8678261,0.10932588,6.716043958522735,10.000000000000007,0.87468493,2.0540000000000016,-0.47014528257654964,1.3116858,0.7242,63.01326285765754,0.013772118491955448,0.55271876,0.20267424,7.358422884676779,10.000000000000007,0.58870506,2.8150000000000026,-0.10302894982527451,1.0636853,0.93858725,7.437444453560204,0.07431567871951528,0.31510735,0.1839913,7.227061070732231,10.000000000000007,0.36488962,2.9070000000000027,0.2395441572142576,0.8598277,1.1500046,2.9331551221555543,0.10742949096946014,0.13217394,0.10932588,6.716077434215369,1.5400000000000011,0.1715277,2.0540000000000016,0.4701448055804584,0.72420037,1.3116856,1.4617000036800079,0.09042481360689444
truck_images_dark_075_edge_enhanced_both_enhanced,52.65568297903776,29.915301165669536,7.224911264657341,-0.8659483646574613,11.411032591973253,6.05817863649123,-5.213223438858906,14.176627281393303,6.346540731929471,0.11352113,0.056549806,7.253862790961167,10.000000000000007,0.12682629,2.8150000000000026,0.10512880338792299,0.9367617,1.0644094,4.029897079942714,0.028169733347966658,0.7921533,0.12614089,6.963760101169992,10.000000000000007,0.80213356,2.245000000000002,-0.29543164577395586,1.1890131,0.8232554,39.437516257087054,0.020086288253970495,0.45809808,0.17946036,7.306564007537338,10.000000000000007,0.4919956,2.8510000000000026,-0.04417288105065952,1.0270379,0.9734531,6.5160243283608,0.07030331264055381,0.3340552,0.1744426,7.244005553612244,10.000000000000007,0.37685922,2.7250000000000023,0.1863735040071938,0.8892441,1.1160967,3.6671960899445963,0.09109280723094404,0.20784675,0.12614089,6.963761326730801,6.624000000000006,0.24312893,2.245000000000002,0.29543111618816914,0.8232557,1.1890128,2.715048307401048,0.07655361375596258
truck_images_blur_7_edge_enhanced_both_enhanced,47.81008672946806,27.745220409797625,7.345461061989523,-2.2237552791259896,11.862873434999413,6.128800477460128,-7.701237060140848,17.558145538347407,6.612576284715132,0.12028572,0.055081677,7.2261353989080215,10.000000000000007,0.13229747,2.7240000000000024,0.09727886878002119,0.9413593,1.0597699,4.768887602318728,0.025223011797311536,0.7782357,0.12574385,6.9582118504506,10.000000000000007,0.78832877,2.230000000000002,-0.28772850196302924,1.1843238,0.8278661,38.30469648954045,0.020316976839466823,0.45446318,0.17761484,7.29747683238015,10.000000000000007,0.48793805,2.8540000000000028,-0.04349957066859596,1.0266109,0.9738469,6.546997366971482,0.06941550725396149,0.32377258,0.1686727,7.233834401830938,10.000000000000007,0.36507392,2.7530000000000023,0.18664750895724141,0.88923967,1.1162475,3.6846298756302076,0.08787112914227646,0.22176428,0.12574385,6.958211625695223,10.000000000000007,0.2549329,2.230000000000002,0.28772903119693616,0.8278658,1.1843241,3.1103765952975806,0.0712982093559381
drjohnson_images_dark_050_exposure_corrected,11.7752140143735,10.200807325363392,6.77201356534155,1.207452166578964,3.25217787409878,5.798560459869751,4.30675437871993,4.591440820508609,5.973223314723219,0.056512,0.054180384,6.831536131933003,1.0900000000000007,0.07828777,4.033000000000003,0.49081289809235795,0.7313901,1.3148484,1.0879742977704723,0.05194240432154901,0.905256,0.1040185,6.425359624576232,10.000000000000007,0.9112122,2.144000000000002,-0.6145921478499847,1.418392,0.6539326,75.74310657921251,0.01195166264765762,0.5539098,0.20327067,7.327443808425525,10.000000000000007,0.59002787,2.9750000000000028,-0.08670761016109137,1.0532136,0.9483484,7.425916843897596,0.07459143511130449,0.35134625,0.19870749,7.277119063071269,10.000000000000007,0.40364203,3.1250000000000027,0.18297720294541756,0.89245826,1.1130273,3.126537282980749,0.11237552203391646,0.09474404,0.1040185,6.425377449840098,0.8370000000000006,0.14069736,2.144000000000002,0.6145920040913442,0.65393275,1.418392,0.8296675720632862,0.11419519185316107
train_images_exposure_corrected,29.5908966642507,25.166726884500942,7.063268768434278,-1.3394516119875566,8.737396537586859,6.030464593744025,1.5972585138869142,13.975192008650847,6.305739119634539,0.094542384,0.059617642,7.223569650959254,4.606000000000004,0.11176955,3.5390000000000033,0.17787848061085035,0.89542496,1.1082659,2.5148654000736457,0.03759341760962691,0.8306067,0.1264186,6.851144825998092,10.000000000000007,0.8401719,2.445000000000002,-0.36208318026567726,1.2321062,0.78740025,43.16980839148164,0.019240453264771227,0.48365712,0.18748932,7.316837502879611,10.000000000000007,0.5187249,2.8270000000000026,-0.05442701046713679,1.0333734,0.9673087,6.6547745586995575,0.07267820779363957,0.34694955,0.18239844,7.2650456008771425,10.000000000000007,0.39197236,2.8600000000000025,0.18752372885017865,0.88931996,1.116747,3.618275888257415,0.09588808022733322,0.16939332,0.12641859,6.8511490112271005,2.0810000000000017,0.21136545,2.445000000000002,0.3620830346739304,0.7874004,1.2321062,1.7954850781709553,0.09434403764602751
glomap_drjohnson,22.596000270503207,21.135554144134506,6.15710682989459,4.119086926894505,6.305273120164346,5.49894273470059,8.2029139634547,10.12040449140477,5.780584488074038,0.03394724,0.04147549,6.373092912429075,0.6970000000000005,0.05359672,1.5840000000000012,0.7422047606300913,0.58492565,1.5440029,0.669933439595102,0.050672554034580375,0.9451511,0.07633283,5.842248541374799,10.000000000000007,0.9482284,1.0870000000000009,-0.8093828555159504,1.644374,0.52233285,153.31531663808073,0.006164753583884617,0.55732584,0.20228371,7.373622815777498,10.000000000000007,0.5928999,2.9610000000000025,-0.10279426668379076,1.0630289,0.9386678,7.5910582232174875,0.07341872186544499,0.38782513,0.2015457,7.361282783739057,10.000000000000007,0.43706802,3.030000000000003,0.14628845664264836,0.9135349,1.0902371,3.7028027760243276,0.10473825826586068,0.05484893,0.07633283,5.842247398791795,0.5700000000000003,0.09399483,1.0870000000000009,0.8093825115501387,0.5223331,1.6443738,0.5163204791630314,0.1062303929988691
truck_images_dark_025_edge_enhanced_both_enhanced,47.19061134615834,32.815802793606736,7.098442655832605,0.9032870142076617,12.591461314015142,6.219645805289293,-4.434426566276311,15.158814857679202,6.328064703737178,0.12319067,0.05571581,7.2494151847394,10.000000000000007,0.1352042,2.6350000000000025,0.0708712135619834,0.95693225,1.0434254,4.888797075263028,0.025198566285337398,0.77181387,0.12813428,7.000134302181263,10.000000000000007,0.78237784,2.206000000000002,-0.2682512080167028,1.1714201,0.8387316,36.282540347485565,0.021272320018930785,0.453661,0.17869985,7.297162154269632,10.000000000000007,0.48758757,2.8150000000000026,-0.03560085328840048,1.0217731,0.97854644,6.444923163162684,0.07039044016095922,0.31815302,0.1683266,7.218451731601496,10.000000000000007,0.3599375,2.6890000000000023,0.19700229580495004,0.8828622,1.122901,3.572480271827331,0.08905662347417614,0.22818601,0.12813428,7.0001381222991235,10.000000000000007,0.26170045,2.206000000000002,0.26825245757734006,0.83873075,1.1714208,3.1713967650194377,0.07195126262112804
truck_images_blur_3_edge_enhanced,50.59334636637271,31.6334771490205,7.235873665593811,-1.945607980344479,9.328690376026099,5.912422288135086,-7.426518532086047,14.907896608261277,6.3620621476661645,0.11384991,0.05731444,7.26370905898333,10.000000000000007,0.12746266,2.9310000000000027,0.10124339055293669,0.93922555,1.0617976,3.945840403353941,0.02885314600275632,0.79090554,0.12776011,6.956849868595213,10.000000000000007,0.8011581,2.306000000000002,-0.291649786382124,1.1860546,0.82591784,38.32311998703517,0.020637815514491186,0.45431754,0.1778761,7.283384452465077,10.000000000000007,0.48789775,2.8420000000000023,-0.04036921944650697,1.0246944,0.9757125,6.52358166998971,0.06964235323524148,0.336588,0.17517248,7.25626428138937,10.000000000000007,0.37944266,2.7520000000000024,0.18452120680342712,0.8904001,1.1148281,3.692051718985013,0.0911655662930346,0.2090944,0.12776011,6.956850156928247,6.122000000000005,0.24503684,2.306000000000002,0.291650317348493,0.8259174,1.1860548,2.678529853150394,0.0780631242221907
playroom_images_dark_075_edge_enhanced,38.95879387529174,22.52118347526839,7.3229949049319,13.057203141243626,14.57908160669953,6.563311522243968,27.45982464423223,21.790287962974062,6.7599085976992255,0.08291019,0.054240756,7.163777649590076,3.626000000000003,0.09907637,3.1160000000000028,0.29725779617480347,0.82774955,1.1861446,2.3365187627592263,0.035484493857968556,0.85647917,0.11175683,6.758432066649289,10.000000000000007,0.8637396,2.104000000000002,-0.45872609061222547,1.3030165,0.7312939,58.73411184549332,0.014582311651977105,0.5111081,0.19064346,7.337286675997108,10.000000000000007,0.5455052,2.8850000000000025,-0.0851959190918422,1.0524185,0.94915855,7.187647192131408,0.07110923932621128,0.34537113,0.1833939,7.272586606106337,10.000000000000007,0.39104238,2.8790000000000027,0.18577249586510464,0.89002854,1.1152239,3.5465600623854385,0.09738200520293337,0.14352083,0.11175683,6.758412332182427,1.8220000000000014,0.18190017,2.104000000000002,0.45872609061222547,0.7312939,1.3030165,1.6492509636102568,0.08702183488544864
drjohnson_images_blur_5,26.57848150323943,18.896226987409218,7.119582949758515,5.717404756791207,6.28454146013571,6.2602173884594885,9.447374320291127,9.555815684467161,6.622271920658051,0.06959291,0.05683222,7.07511300116758,1.593000000000001,0.089850016,3.556000000000003,0.37625240925891545,0.7864823,1.2365705,1.4995022871744368,0.04641066913448398,0.8784089,0.11472232,6.64626740963425,10.000000000000007,0.8858686,2.144000000000002,-0.5215044028935296,1.3474307,0.69875836,58.627853644931974,0.014982791226078122,0.49330363,0.19530877,7.355274209049291,10.000000000000007,0.53055954,2.7530000000000023,-0.03144097224582834,1.0192708,0.98103106,6.379572849869874,0.07732549485974405,0.38510525,0.19604366,7.342604478918229,10.000000000000007,0.43213266,2.9230000000000027,0.12781797412961815,0.92384356,1.0786184,3.858866163273561,0.09979751722962533,0.121591106,0.11472232,6.646266054938729,1.1280000000000008,0.16716883,2.144000000000002,0.5215042591348892,0.6987584,1.3474306,1.1233476746138535,0.10823996687840715
playroom_images_blur_7_edge_enhanced_both_enhanced,27.895963195639926,22.105049604809945,5.580210265752188,11.61380038492371,9.86935573656992,5.495156374357186,29.340424410321774,22.879743216837777,5.5794897940095245,0.05420338,0.05144709,6.469241235204096,1.1140000000000008,0.0747225,3.1930000000000027,0.5532042825395075,0.69879013,1.3647339,1.1105906413718571,0.048805907570330063,0.9069987,0.100637995,6.193951212532304,10.000000000000007,0.912562,1.8730000000000013,-0.645660465390846,1.44876,0.63323927,81.26662033301636,0.011160777318668033,0.50069845,0.1930042,6.7743462326830555,10.000000000000007,0.5365916,2.377000000000002,-0.06930985400487599,1.0432348,0.9578921,6.733514115105436,0.07435915233059735,0.40630022,0.19289514,6.822290139586413,10.000000000000007,0.4497436,2.7580000000000027,0.10761413878461473,0.93515915,1.0660255,4.438889876210169,0.09153194129883305,0.09300128,0.100637995,6.193951212532304,0.8600000000000005,0.13701113,1.8730000000000013,0.645660937290084,0.63323903,1.4487604,0.8544305687220834,0.10884592177786327
playroom_images_dark_050_edge_enhanced,27.296641196145583,18.344827095519648,7.095092191490454,8.748297460018026,11.757941193838604,6.362672895539549,18.20603095045145,17.769805088860277,6.619020764902939,0.08436892,0.05312654,7.124583809689041,4.656000000000004,0.09970207,2.998000000000003,0.2914940525731053,0.8307895,1.1831396,2.522018307950532,0.03345294008325492,0.8549499,0.10967773,6.734530685671994,10.000000000000007,0.86195606,2.1100000000000017,-0.4537112938288112,1.2997996,0.73449886,60.76461321115494,0.014069865545451296,0.5245217,0.19420844,7.34427944589659,10.000000000000007,0.5593205,2.9170000000000025,-0.0931902952136508,1.057305,0.9444444,7.294525095075244,0.07190621272901707,0.33042812,0.18150447,7.27161163399438,10.000000000000007,0.37699625,2.8730000000000024,0.21234503657304413,0.87513554,1.1325811,3.3142528621865495,0.09969913393772065,0.14505015,0.109677725,6.734531339341762,1.9950000000000017,0.18184768,2.1100000000000017,0.453710767602143,0.7344994,1.2997994,1.7490645573468697,0.0829301322890432
drjohnson_images,28.856421036799503,19.94305817579415,7.185425931522422,5.12526822686,6.6945721308882895,6.334600921412504,10.87579371020358,10.490392085397165,6.683703408862347,0.06545201,0.0557709,7.011519098095811,1.4270000000000012,0.08599026,3.730000000000003,0.4016452325035211,0.77399975,1.2532592,1.3773220326170446,0.04752121189441933,0.886753,0.11089217,6.579091797389812,10.000000000000007,0.89365983,2.163000000000002,-0.5374931958084093,1.3586584,0.6907112,63.94526317344571,0.013867376115194084,0.50442606,0.19796823,7.37224175373896,10.000000000000007,0.54188246,2.7870000000000026,-0.03335078984097121,1.0204087,0.9798839,6.492453939250709,0.07769420793857285,0.38232696,0.1975817,7.362288410792898,10.000000000000007,0.43036264,3.0080000000000027,0.13505585381408125,0.91972923,1.082944,3.744391785476239,0.10210655775039193,0.113246985,0.11089217,6.579090366433204,1.0430000000000008,0.15849863,2.163000000000002,0.5374931478449034,0.69071126,1.3586584,1.0429328337198882,0.10858512224910119
glomap_bin_new_medium,26.300603864177557,17.3096232142851,6.539070622366906,-2.119848371569007,2.7756009238735775,6.206754002067813,-6.028883797081077,6.562218308122611,6.31073329123668,0.055733588,0.044368606,6.445839631752293,1.7100000000000013,0.07123155,2.1380000000000017,0.4872178329154741,0.7191664,1.3253692,1.5786104288372513,0.035305471542939185,0.9091355,0.083899915,6.167906800020014,10.000000000000007,0.912997,1.5240000000000011,-0.5948539296466199,1.4194409,0.64621204,117.46994050183366,0.007739303378398975,0.55125415,0.19609289,6.769909592170667,10.000000000000007,0.5850782,2.9570000000000025,-0.15562255514915177,1.0966008,0.90830994,7.906287636616582,0.0697235125574784,0.35788143,0.18997756,6.765155782421657,10.000000000000007,0.40515995,2.8740000000000023,0.21372067048538507,0.8745097,1.1336166,3.550310630112108,0.10080285033695731,0.09086445,0.08389991,6.167906800020014,1.183000000000001,0.12366255,1.5240000000000011,0.5948542964829929,0.6462118,1.4194411,1.173431178208432,0.0774348425060736
drjohnson_images_blur_5_edge_enhanced,34.31221967953634,26.224165878970833,7.176402027015283,3.348308484241112,8.384428979248522,6.266505192575993,11.52174121336043,12.857273233833514,6.490803557879648,0.08230977,0.059092004,7.18300068829147,2.3830000000000022,0.10132491,3.9840000000000035,0.28007945359470177,0.83920795,1.1723422,1.940208241183484,0.042423163205506334,0.8537916,0.12203107,6.778225093351958,10.000000000000007,0.8624683,2.4620000000000024,-0.44101472666974395,1.2861558,0.7448387,48.95149287622553,0.017441584765605013,0.47610486,0.1868369,7.326293662128855,10.000000000000007,0.5114524,2.7970000000000024,-0.03837066422918696,1.0235081,0.97689605,6.493562062069259,0.07331952440980767,0.37768683,0.19185881,7.332951222798229,10.000000000000007,0.42362353,2.9610000000000025,0.14785318045088228,0.9123134,1.0911871,3.875280962803629,0.0974604993396793,0.14620835,0.12203107,6.778217985323093,1.5040000000000011,0.19044253,2.4620000000000024,0.4410153579537663,0.7448383,1.2861562,1.4355109540976088,0.101851083651028
glomap_both_playroom,37.978160510698615,25.461857028160317,7.139041593005685,10.682702904100687,13.52339057727357,6.284544627099566,25.897453125503695,21.61846683773045,6.740140843180326,0.050551467,0.04748397,6.767031761959279,1.139000000000001,0.069355085,2.597000000000002,0.5304091689166076,0.7015244,1.349617,1.1333995379836779,0.0446016303360162,0.91737115,0.089674726,6.266525971801177,10.000000000000007,0.9217436,1.6030000000000013,-0.645182414123558,1.4558192,0.6235913,104.6549199102592,0.00876567652185038,0.5667403,0.20076881,7.34858817058384,10.000000000000007,0.60125023,2.886000000000003,-0.1288449595236707,1.0795645,0.9234045,7.968659738283407,0.07112115861695002,0.3506309,0.19391948,7.2966511599875545,10.000000000000007,0.40068188,3.091000000000003,0.2001130604988269,0.88270974,1.124107,3.269392388080533,0.10724650123144584,0.0826288,0.089674726,6.266517389698482,0.8550000000000006,0.121938094,1.6030000000000013,0.6451830610402635,0.6235908,1.4558196,0.8490482782046946,0.09731932016908458
truck_images_exposure_corrected,38.81848561470042,25.76807749723544,7.299135701130647,-3.2632062040171337,10.083600245644142,6.184405707242816,-5.580759826127938,18.112164039623742,6.708785276764307,0.109129325,0.05741489,7.28262588570449,10.000000000000007,0.123311155,2.9550000000000027,0.1213830399572162,0.9273475,1.0742182,3.612756911957149,0.030206662987873507,0.80265605,0.12675232,6.988992887385304,10.000000000000007,0.8126024,2.312000000000002,-0.31394464634774666,1.2008477,0.81327677,40.100706987141166,0.02001600616166514,0.48167354,0.1865249,7.328175349695114,10.000000000000007,0.5165274,2.8360000000000025,-0.05299625585971847,1.0324289,0.9681159,6.6686338065856035,0.0722297158370485,0.32098243,0.17395368,7.217296930368643,10.000000000000007,0.36508802,2.7510000000000026,0.21692653779269713,0.87187254,1.1357216,3.4048666523890603,0.0942716612580819,0.19734402,0.12675232,6.988989885553534,4.052000000000003,0.23454346,2.312000000000002,0.31394387384164174,0.81327736,1.2008474,2.4240468182529753,0.08141097222894851
playroom_images_blur_7_exposure_corrected,37.92083215503515,18.48666494344388,6.956070511754605,13.12753009017163,14.575940223179977,6.584464930816659,26.649092376243793,18.45703376323677,6.754805054594766,0.05428153,0.046804752,6.599486126729343,1.3870000000000011,0.07166819,2.1260000000000017,0.47776739187787964,0.7210553,1.3158519,1.345521932208399,0.0403423572473043,0.91014767,0.08884084,6.350670522815046,10.000000000000007,0.91447157,1.4830000000000012,-0.5896641990572042,1.414885,0.645071,104.99410455306588,0.008668559563042409,0.53339404,0.1987182,6.876019724251227,10.000000000000007,0.56919503,3.216000000000003,-0.04421910160465232,1.0263942,0.97318745,7.207547587132467,0.0740049312842703,0.37675354,0.19639061,6.8866478041776515,10.000000000000007,0.42485023,3.7440000000000033,0.13620305694051868,0.9198439,1.0823361,3.681625991206161,0.10233346766593926,0.089852415,0.08884084,6.350670522815046,1.0230000000000008,0.12634526,1.4830000000000012,0.5896630119979457,0.64507186,1.4148843,1.0232945593102727,0.0878069805885689
playroom_images_blur_3_exposure_corrected,37.046988087828574,17.48509450541818,7.046043467027522,13.309315488266716,14.591346712328116,6.6531445207280635,26.022046491128563,18.89266783625831,6.843477783309206,0.051019862,0.04876745,6.687923812794345,1.0970000000000009,0.07057508,2.9000000000000026,0.5156306552109285,0.7126562,1.3373836,1.0947133685681507,0.046605684107959996,0.9154062,0.09178097,6.351630611793075,10.000000000000007,0.919995,1.7740000000000014,-0.6239385684956125,1.4341066,0.64056545,99.49574303893405,0.009200456961908998,0.54116905,0.20347126,7.162686101286285,10.000000000000007,0.5781494,2.974000000000003,-0.09778266101919617,1.06026,0.9419978,7.075249117814565,0.07648762827539907,0.37423727,0.2008958,7.132225138185561,10.000000000000007,0.42474112,3.391000000000003,0.15418936568681715,0.90910286,1.0940425,3.4708375345809515,0.10782332746961805,0.08459368,0.09178097,6.351630611793075,0.8560000000000005,0.12481285,1.7740000000000014,0.6239399275927279,0.64056456,1.4341074,0.8496745043646889,0.09956010009985976
train_images_dark_075_exposure_corrected,24.465360217269524,19.80833048190821,6.947793340268396,-0.985290208786397,7.011544146095528,5.890361747274863,3.179524938314433,10.827569941107944,5.981942587372395,0.093438216,0.058143254,7.248057500454507,5.127000000000004,0.110051215,3.278000000000003,0.19572952357398893,0.88495743,1.1201937,2.5826110487380447,0.03617974575840435,0.83414024,0.12261308,6.9141674329426355,10.000000000000007,0.8431035,2.311000000000002,-0.3726809412251895,1.240222,0.7801209,46.282112702982886,0.01802295201166986,0.4927591,0.18738846,7.305339542813112,10.000000000000007,0.52718616,2.8380000000000027,-0.0684902921001047,1.0420712,0.95896,6.915000798530002,0.07125944109710972,0.34138116,0.18114485,7.2670158203912365,10.000000000000007,0.3864633,2.8600000000000025,0.1931363780195602,0.88610774,1.1203418,3.551695755691199,0.09611779008199908,0.16585977,0.12261308,6.914167086279235,2.148000000000002,0.20625988,2.311000000000002,0.3726807963862618,0.78012097,1.2402219,1.829856941199992,0.09064084194024648
playroom_images_dark_050_exposure_corrected,15.939446136458283,10.671350070129563,7.220663839265016,5.466265172999459,7.4687050953051966,6.450278423721907,11.257201407591685,9.741302242949644,6.887225601763539,0.074467115,0.05271298,7.095376500946092,2.5150000000000023,0.09123521,2.9880000000000027,0.3168493270343843,0.81684464,1.199931,1.9957982454489098,0.037311946530871616,0.8743596,0.10531657,6.689163017100987,10.000000000000007,0.8806791,2.027000000000002,-0.47384988813950274,1.3151435,0.72215825,68.93018808747092,0.012684711838697661,0.5535124,0.20447005,7.32893986325529,10.000000000000007,0.5900693,2.8090000000000024,-0.08826444957696566,1.0542879,0.9471,7.328548722257949,0.07552824763035416,0.32084724,0.18751489,7.226740916378429,10.000000000000007,0.37162203,2.9690000000000025,0.21777446443218532,0.8717003,1.135116,2.9278431593866685,0.10958484068597349,0.12564038,0.10531657,6.689163017100987,1.488000000000001,0.16394055,2.027000000000002,0.47385007865794165,0.72215813,1.3151436,1.423271656914281,0.0882757589267137
playroom_images_dark_050_edge_enhanced_both_enhanced,20.520077809302656,16.947630395485387,6.9485354144463045,4.860977493422335,9.20406381119586,6.075150841224958,9.519984711782586,12.687277297204348,6.34780585067365,0.06118822,0.052076478,6.88203941682185,1.432000000000001,0.08034679,2.9850000000000025,0.43073600582161226,0.755588,1.2764049,1.380729662971362,0.04431586228206174,0.8970593,0.10071049,6.573685383009702,10.000000000000007,0.90269417,1.9680000000000015,-0.5646190020670804,1.3834379,0.67448115,79.35039101689563,0.01130503942314252,0.53157884,0.19777612,7.209418388776821,10.000000000000007,0.567174,2.8630000000000027,-0.09489628740742309,1.0584565,0.94337595,7.225098995241069,0.07357391843190161,0.36548048,0.19550458,7.181948810552348,10.000000000000007,0.4144793,3.0320000000000027,0.1828503330030362,0.8924872,1.1133429,3.495189082711377,0.10456672884569841,0.102940686,0.1007105,6.573685383009702,1.0460000000000007,0.1440072,1.9680000000000015,0.5646188596581823,0.6744812,1.3834378,1.044914750361059,0.09851586756208554
drjohnson_images_blur_7_edge_enhanced_both_enhanced,30.27972896559528,23.05973044583677,7.033734232633436,1.3133812076272753,7.611163870916932,6.02662456218713,9.306271064493224,11.517524102669938,6.220083074888631,0.05848175,0.051922824,6.905649839663584,1.2930000000000008,0.07820472,2.8900000000000023,0.476176638910503,0.7307447,1.3078129,1.268652877018269,0.04609752034467193,0.9010844,0.10166473,6.449875683746504,10.000000000000007,0.9068012,1.7500000000000013,-0.6054674958995173,1.4188968,0.6474592,78.56137230687091,0.011469815214121395,0.52168155,0.19811456,7.336050982424016,10.000000000000007,0.5580317,2.942000000000003,-0.07109870855647869,1.0436559,0.9576016,6.934207710591181,0.07523304230025277,0.37940288,0.19750968,7.307112975217022,10.000000000000007,0.4277323,3.039000000000003,0.1413399226011162,0.9161165,1.0868074,3.6901434608553387,0.10281521630192775,0.098915555,0.10166473,6.449875683746504,0.9470000000000007,0.14184344,1.7500000000000013,0.6054678701480704,0.647459,1.418897,0.9466888481783009,0.10448580982479304
truck_images_dark_025_exposure_corrected,44.23373265830207,24.253152221772115,7.197085461545023,-1.7466002765312685,8.480579525187967,5.937395944799839,-4.048474680434432,13.397707403157055,6.484143720122986,0.11618187,0.056227725,7.265190792351284,10.000000000000007,0.12907267,2.7870000000000026,0.09366621818372517,0.943564,1.0573786,4.26952834066492,0.027211873944183302,0.78828883,0.12654427,6.965789934179899,10.000000000000007,0.79838115,2.2540000000000022,-0.2898768752144576,1.1855407,0.8268014,38.805206517609804,0.0203139968848161,0.47493598,0.18462159,7.319892296624992,10.000000000000007,0.5095576,2.7980000000000027,-0.05044663701458735,1.0309579,0.96967787,6.6177365743306495,0.07176713585451437,0.31335276,0.17028715,7.20263504842438,10.000000000000007,0.35663342,2.7040000000000024,0.2153193745342201,0.8725557,1.1347986,3.386160792110914,0.09253924540094172,0.21171123,0.12654428,6.965789642422382,8.250000000000007,0.24664743,2.2540000000000022,0.2898762009305318,0.8268018,1.1855402,2.799026651658153,0.07563744743731449
playroom_images_dark_075,34.284875472837825,16.478866805366128,7.386064185110023,12.605002607370103,11.440059559287132,6.699373008737095,27.636473967145662,15.593261886684106,6.994039481070855,0.07833866,0.053900387,7.140218736734712,2.8270000000000026,0.095090106,3.1120000000000028,0.30483883412959806,0.8237123,1.1912782,2.1124135348511572,0.03708490605310274,0.8668474,0.109147206,6.771936077357598,10.000000000000007,0.8736917,2.1020000000000016,-0.46507727142077304,1.3077431,0.7280458,63.076922876773324,0.013742703011630381,0.55036795,0.20196275,7.364428106483778,10.000000000000007,0.5862532,2.8560000000000025,-0.10182927830029995,1.0628098,0.93929964,7.4263287615622176,0.07411037083144323,0.31647944,0.18331058,7.247096669167977,10.000000000000007,0.36573377,2.8740000000000023,0.23659282134942963,0.8614803,1.1483165,2.980755854576401,0.10617423020024107,0.13315262,0.109147206,6.771930192401023,1.577000000000001,0.1721698,2.1020000000000016,0.4650770801432364,0.72804594,1.307743,1.4882799426448088,0.0894674577736713
drjohnson_images_dark_025,9.251000303609523,7.3902331856761485,6.788548186942517,0.10976156897080253,1.486935917015879,5.8030505426043995,2.480621900197858,2.6968993424228107,5.829487023498242,0.062692896,0.05598309,6.814626858542268,1.276000000000001,0.08404707,3.5710000000000033,0.44867066196134336,0.75336164,1.2899572,1.254311358682699,0.049981929671489116,0.89417326,0.10993155,6.477372328096826,10.000000000000007,0.90090424,2.195000000000002,-0.5884553491358234,1.3998522,0.66967314,66.17303087165146,0.013512654385028449,0.5694625,0.20839252,7.111260114021109,10.000000000000007,0.6063883,3.228000000000003,-0.12333479895911355,1.0757022,0.9273334,7.4687575244425375,0.07624594676163418,0.3247108,0.19302878,7.032935459281301,9.141000000000007,0.37774348,3.166000000000003,0.2497238564209751,0.855683,1.1564603,2.8302940343839964,0.11472686588989504,0.10582675,0.10993155,6.477372328096826,0.9280000000000006,0.15258425,2.195000000000002,0.588455156992957,0.66967326,1.399852,0.926890809999211,0.11417391385602607
train_images_blur_5_exposure_corrected,33.50294554293957,23.604201337219227,7.182127895227675,-1.2259075655025453,9.070680989803618,6.3510892223012165,1.863962356602272,16.106209645458534,6.532067852557627,0.091979384,0.057765897,7.223642205382016,4.752000000000004,0.10861406,3.2450000000000028,0.19630544389301405,0.8842999,1.1203741,2.5354206117335707,0.03627775893131201,0.837129,0.12120196,6.91291877935483,10.000000000000007,0.8458572,2.304000000000002,-0.3768952092883685,1.2432588,0.7778202,47.70651156833628,0.017547479453957834,0.49214894,0.18707679,7.315711172445151,10.000000000000007,0.52650476,2.9440000000000026,-0.054020756173302716,1.0328789,0.967498,6.9209456069089015,0.07111006923908403,0.34498003,0.18256684,7.254942130518797,10.000000000000007,0.3903088,2.9470000000000027,0.1941142302486899,0.88580143,1.1207196,3.5707239121368417,0.09661347432176717,0.16287105,0.12120196,6.912927700037202,2.1010000000000018,0.20301843,2.304000000000002,0.3768946301003547,0.7778206,1.2432585,1.805845719674167,0.09019100734005779
playroom_images_blur_5,46.02214390678748,19.936419469369024,7.335959496400109,16.960096105340092,14.280846459763518,6.715531579565542,36.268233538326065,19.66388332077375,6.991647724149639,0.071058705,0.05330359,7.063651705333712,2.047000000000002,0.08882856,2.9670000000000027,0.35786345609514736,0.7942491,1.2271339,1.7772019110964408,0.03998347011002109,0.8799912,0.106496274,6.667404306458983,10.000000000000007,0.8864116,1.9780000000000015,-0.5118813985212118,1.3440144,0.7016534,68.28146397159435,0.012887702569347036,0.557184,0.20282453,7.348517571319397,10.000000000000007,0.5929506,2.9600000000000026,-0.09594323423124736,1.0588835,0.9428081,7.546948091936656,0.07382905120164907,0.32280722,0.18457864,7.2782850750856305,10.000000000000007,0.37185022,3.046000000000003,0.21534473297564558,0.8737115,1.1337352,3.0587127004118884,0.10553695862926157,0.12000882,0.10649628,6.667470568604339,1.294000000000001,0.16044681,1.9780000000000015,0.5118815410135625,0.70165324,1.3440144,1.269908619376011,0.09450192597323336
train_images_dark_050_edge_enhanced,24.523644249136595,22.175290390764463,6.788654656628866,-0.1713721369088301,7.2959609942374515,5.807359374101579,1.8517031355973945,10.041059737335056,5.979341728764667,0.10204267,0.058647424,7.262599797126627,10.000000000000007,0.1176954,3.253000000000003,0.1495626337220699,0.9113063,1.0911411,3.0273880494020347,0.0337065036875236,0.8149235,0.12673077,6.940014108621,10.000000000000007,0.8247187,2.360000000000002,-0.3340643041403889,1.2136741,0.8020607,41.34965645888974,0.019708108398789618,0.46160042,0.18163136,7.291709146780915,10.000000000000007,0.4960491,2.8170000000000024,-0.03599291089551048,1.0219928,0.9782924,6.458820376909898,0.07146823091847711,0.35332304,0.18287727,7.291007903420866,10.000000000000007,0.39784557,2.8910000000000027,0.171644089660726,0.89836824,1.1063749,3.7327324060452725,0.09465533642144566,0.18507648,0.12673075,6.940010400869138,2.8870000000000027,0.2243076,2.360000000000002,0.3340643041403889,0.80206084,1.2136742,2.1327538414812466,0.08677816764820764
playroom_images_dark_025_edge_enhanced_both_enhanced,11.495436117203568,11.142892065756753,6.584195340468473,2.735154037167026,6.0687310112672845,5.896049870658211,5.96381515591836,8.85782651451398,6.14441712525926,0.07790993,0.05298055,7.115745341389374,2.9790000000000028,0.09421648,2.9110000000000027,0.31162051647972616,0.81919634,1.1966476,2.162600223681693,0.03602604459692307,0.868077,0.10739252,6.729791898273568,10.000000000000007,0.87469435,2.0290000000000017,-0.47044832759127414,1.3118371,0.72317356,65.34193776443226,0.013285143893944983,0.5507529,0.20283091,7.3210692998270925,10.000000000000007,0.58691305,2.8510000000000026,-0.09496395788860394,1.0583322,0.94313437,7.373417771216339,0.07469438553055811,0.31732413,0.18525526,7.21346443571773,10.000000000000007,0.36744016,2.8680000000000025,0.22386475787425672,0.867722,1.1391681,2.934192363255889,0.1081470099959455,0.13192298,0.10739252,6.7297114049891835,1.6070000000000013,0.17010643,2.0290000000000017,0.47044885157475586,0.72317314,1.3118373,1.5090942358143025,0.08741864391610843
drjohnson_images_dark_075_exposure_corrected,17.114338654789815,13.706055637922168,6.399349657908404,0.16417108219212115,3.730143643295041,6.038011347359774,5.821082406455779,5.311301898326578,5.993078228768641,0.0331247,0.04279025,5.700091568610097,0.6380000000000003,0.054097038,1.5420000000000011,0.7667537227074692,0.5709093,1.5657663,0.5998359585120774,0.05522293363587939,0.94640875,0.08025802,5.33496574101301,10.000000000000007,0.94980234,0.9870000000000008,-0.8058546732443206,1.6483475,0.50493604,139.18705123827385,0.006799546413465313,0.5787166,0.2118027,6.331704643099541,10.000000000000007,0.6162224,2.5870000000000024,-0.10705604307748849,1.0655117,0.9346612,7.472861706166668,0.07744242469854654,0.36769217,0.20807964,6.355445469663792,10.000000000000007,0.42243698,2.8070000000000026,0.16244939034742867,0.90237635,1.0996646,3.125560155119288,0.11764041602673457,0.05359131,0.08025801,5.33496574101301,0.5140000000000002,0.09647372,0.9870000000000008,0.8058540011127449,0.5049368,1.6483473,0.44630337350543314,0.12007821603178151
truck_images_dark_075_exposure_corrected,49.24155360087284,26.41186549419915,7.252353596034988,-3.6106591105196415,11.796264566541739,6.1360106954249884,-3.8873209593001943,17.46350620683529,6.603503348677612,0.11165158,0.056993492,7.272988113670027,10.000000000000007,0.12535669,2.7930000000000024,0.11527506029220529,0.9308533,1.0709025,3.837812678984065,0.029092502002561707,0.7974735,0.12690595,6.979653861026341,10.000000000000007,0.8075079,2.245000000000002,-0.30930660081034383,1.1986854,0.8157499,39.488720915004706,0.020194969994520584,0.4795921,0.18632127,7.323952481342516,10.000000000000007,0.51451313,2.8270000000000026,-0.04407622395116684,1.0269601,0.9734595,6.625578491439455,0.07238494835753659,0.31788144,0.17213874,7.216621338560371,10.000000000000007,0.36149696,2.7540000000000022,0.2104953767565924,0.87552136,1.1315268,3.410183160932334,0.09321535672561643,0.20252651,0.12690595,6.979654270830316,4.8380000000000045,0.23900194,2.245000000000002,0.3093066970986687,0.81574976,1.1986854,2.546855524022945,0.07952022293637875
train_images,45.008948262034636,28.938117876347995,7.388163062807948,-0.8200025469863106,7.1630791620052525,5.893467915061711,2.5619896298354345,12.469218474850157,6.4408095549355835,0.08275562,0.05766801,7.206459821467973,2.6780000000000026,0.10086657,3.5950000000000033,0.2654839121514397,0.846371,1.1637669,2.059341161840166,0.040185479905883316,0.8544904,0.11852706,6.838239078001843,10.000000000000007,0.8626717,2.329000000000002,-0.4297546813781495,1.2794198,0.7492472,51.97358081479615,0.01644085966989376,0.49216586,0.18761617,7.322659652009669,10.000000000000007,0.52671325,2.8830000000000027,-0.06312782940650474,1.0386559,0.9621393,6.881541922809959,0.07151970760873963,0.3623245,0.18720679,7.3040755558854045,10.000000000000007,0.40782985,2.9520000000000026,0.17032093848582475,0.8994748,1.1055738,3.7458945539103894,0.09672576317855865,0.14550954,0.11852706,6.838243747849163,1.6040000000000012,0.18767415,2.329000000000002,0.42975540610559987,0.7492468,1.2794203,1.5071316609777483,0.09654732359996922
playroom_images_edge_enhanced_both_enhanced,42.7645810004217,22.610687384802112,7.33112028355217,13.4482749932271,14.728613077287223,6.454240254255311,31.23616057387986,22.49719606878812,6.815555447618726,0.0830729,0.054703075,7.150297322159291,3.497000000000003,0.09946606,3.2050000000000027,0.2967327289591211,0.8284022,1.1855233,2.3062183336662656,0.036021265372798525,0.85541564,0.112910435,6.77999095103722,10.000000000000007,0.86283517,2.132000000000002,-0.4546789924175775,1.2994698,0.73358524,57.39728205431311,0.014903417556094433,0.5019057,0.19002444,7.3318845007421904,10.000000000000007,0.5366733,2.8570000000000024,-0.07379450137854497,1.0453055,0.95580137,6.976383629222482,0.07194353138784636,0.3535099,0.18505116,7.306590973431811,10.000000000000007,0.39901477,2.8740000000000023,0.17293869349180158,0.8974515,1.1071159,3.649426968962999,0.09686723971980074,0.14458436,0.112910435,6.779987099837789,1.8070000000000015,0.18344821,2.132000000000002,0.4546789924175775,0.73358524,1.2994698,1.6397573244578467,0.08817424443449082
truck_images_blur_5_exposure_corrected,42.17901913492354,24.85134487523391,7.219756055879017,-4.137429783864842,10.882519996014597,6.16137924100807,-5.047351820242284,20.28339372093125,6.711868377061452,0.111751184,0.057188146,7.263674266511851,10.000000000000007,0.12553394,2.8890000000000025,0.1124899316969173,0.93251514,1.0688426,3.8185441315346367,0.02926538875436275,0.79720783,0.12731367,6.963948307059976,10.000000000000007,0.8073096,2.3020000000000023,-0.3029274252475732,1.1935945,0.8194697,39.21016674812586,0.020331660483923982,0.4805371,0.18648224,7.3194365408077,10.000000000000007,0.51545227,2.7540000000000022,-0.0494879839941419,1.0304346,0.9702471,6.640251441973533,0.07236730537806751,0.31667075,0.17135872,7.238767762518251,10.000000000000007,0.3600608,2.7350000000000025,0.21215303047820913,0.8745397,1.132698,3.4151447183830896,0.09272541947549875,0.20279221,0.12731367,6.963943938983622,4.7660000000000045,0.2394436,2.3020000000000023,0.30292699089264885,0.81947,1.1935942,2.5372200164203065,0.07992693009754931
drjohnson_images_dark_050_edge_enhanced_both_enhanced,12.86898801630993,12.219159392274992,6.343530754345646,0.41387552910015823,3.5175977354333976,5.436586295895697,3.8635608902904965,5.514146546250544,5.719737664913701,0.07406661,0.05727469,7.099819703177579,1.8610000000000013,0.093628064,3.6760000000000033,0.33732134504235173,0.807742,1.2105491,1.6723400740938956,0.04428920258604378,0.8712509,0.11622964,6.692704343696542,10.000000000000007,0.87896955,2.246000000000002,-0.49460807029933057,1.3266171,0.71429694,56.18985592546801,0.015505484538189689,0.5102792,0.1962417,7.358437267458777,10.000000000000007,0.5467132,2.8500000000000023,-0.05781438891958499,1.0354974,0.9653628,6.7614240824082685,0.07546918010425448,0.36097172,0.19214754,7.323648786884625,10.000000000000007,0.40892646,3.0050000000000026,0.17444517317137836,0.89715326,1.1079843,3.529246355989258,0.10228011718801708,0.128749,0.11622964,6.692698401684889,1.2440000000000009,0.17345165,2.246000000000002,0.49460888878607034,0.7142964,1.3266176,1.2270412601139924,0.10492639157948444
playroom_images_dark_025_edge_enhanced,15.132710558824181,12.785079524340317,6.829198604307601,3.5254012433465878,7.553496778899136,6.20146241598335,8.563395650966982,11.354292491699882,6.440944988512022,0.08385507,0.05350478,7.126109358808016,4.2340000000000035,0.09947042,2.9430000000000027,0.28142594538321053,0.836199,1.1768146,2.456313333624749,0.034138588176782864,0.8567792,0.11021436,6.71515281981022,10.000000000000007,0.8638388,2.0660000000000016,-0.44874234123510726,1.2967564,0.7363736,60.43266912780041,0.0141774187645984,0.5426815,0.20005897,7.361318715959634,10.000000000000007,0.5783821,2.8430000000000026,-0.09868879956066741,1.0608733,0.94113237,7.358416024986184,0.07374977978285267,0.3140978,0.18159959,7.237766338131891,10.000000000000007,0.36281544,2.8840000000000026,0.23473278538822387,0.8625213,1.1470313,2.9916467186980213,0.10499160320464376,0.14322078,0.11021436,6.715150704558691,1.8880000000000015,0.18071833,2.0660000000000016,0.44874234123510726,0.7363736,1.2967564,1.6886748147072126,0.08481253603738247
train_images_blur_3_edge_enhanced_both_enhanced,37.3127803326522,29.870748775169837,7.238185629017458,-0.5430837414386703,13.48388058210653,6.065297136731308,1.95234403704486,19.518750027329073,6.404307500298165,0.08578825,0.057490904,7.17165765987135,3.1930000000000027,0.103270546,3.552000000000003,0.26645552866124195,0.84608704,1.1648513,2.226692909915201,0.038527203067802475,0.8472996,0.11938565,6.787141351175311,10.000000000000007,0.855669,2.299000000000002,-0.42455756774190323,1.2761765,0.7517692,50.37009098611088,0.0168214817353321,0.4649586,0.18273972,7.306703724674137,10.000000000000007,0.49957994,2.8660000000000023,-0.03395136108078961,1.0207189,0.9795493,6.473896019407732,0.07182052425285203,0.38234094,0.19068967,7.336209621025157,10.000000000000007,0.42725506,2.9830000000000028,0.12842108066402724,0.9236282,1.0789135,4.020224321547175,0.09510438421121915,0.15270041,0.11938565,6.7871393911553906,1.8010000000000013,0.19383048,2.299000000000002,0.4245577125087928,0.7517691,1.2761766,1.6359844359215003,0.09333854705919688
drjohnson_images_blur_3,27.318703096019227,19.274563957489388,7.146578391955359,5.585715913483901,6.367901706435982,6.314868801850354,10.004974471543656,9.874030567390504,6.732172849917241,0.07260319,0.056757,7.086526493348833,1.8010000000000013,0.092154995,3.592000000000003,0.3632498191275933,0.7938998,1.2281978,1.63635466705324,0.04436885866995203,0.87310493,0.11515796,6.65374603431312,10.000000000000007,0.8806664,2.195000000000002,-0.5092118362734752,1.3381813,0.7063308,57.484377903057066,0.015188560310913387,0.49518147,0.19526175,7.360015758138052,10.000000000000007,0.53228885,2.7550000000000026,-0.03122207020234245,1.0191343,0.9811629,6.4313069510544665,0.0769954594890313,0.37792346,0.1943672,7.345257694209456,10.000000000000007,0.42497566,2.9730000000000025,0.13527618694524277,0.91962713,1.0832393,3.780651308925499,0.09996253143188664,0.1268951,0.11515796,6.653746644683007,1.2290000000000008,0.17135802,2.195000000000002,0.5092114519877428,0.706331,1.338181,1.2142458331074977,0.1045052716663116
drjohnson_images_blur_3_exposure_corrected,20.186404817734545,16.758984893046627,6.9180902530566435,4.116294347810873,5.641883150484391,6.09777650749851,8.260821086886143,8.430559659572445,6.453064591963423,0.07469942,0.059320755,7.07847487943889,1.7210000000000012,0.095388144,4.244000000000004,0.31333437871148234,0.8212817,1.192926,1.5857259870818439,0.04710738993822962,0.86842805,0.120820835,6.645089986174809,10.000000000000007,0.8767923,2.4350000000000023,-0.4703210702067042,1.3063953,0.7285422,51.66436501968656,0.0168090339247183,0.49891558,0.19685835,7.363636284825672,10.000000000000007,0.53634816,2.7540000000000022,-0.03526271070747262,1.0216408,0.9787541,6.423230421824485,0.07767362285632493,0.36951253,0.19325231,7.326888637389832,10.000000000000007,0.41699564,2.9390000000000027,0.15746424044874024,0.90675837,1.0973587,3.65608248297805,0.1010678875588556,0.13157186,0.120820835,6.645085992726368,1.197000000000001,0.17862977,2.4350000000000023,0.4703220889772938,0.72854155,1.3063959,1.1859035752497817,0.1109464947584625
playroom_images_exposure_corrected,36.83166142869427,18.467172018377493,7.202359824097153,12.771631227415774,12.878870680757064,6.559290584926453,29.02401590243846,17.451951043035326,6.909595144237692,0.06089668,0.05242372,6.8658041627401465,1.392000000000001,0.080352165,3.313000000000003,0.41514088137720484,0.7644718,1.2630874,1.3494607773655076,0.045126675836031964,0.8980355,0.10153323,6.428083842351942,10.000000000000007,0.9037567,2.0060000000000016,-0.5555063911901628,1.3745748,0.67858744,78.23468767459053,0.011478738862856887,0.5550972,0.20621109,7.319747694647401,10.000000000000007,0.5921597,2.9270000000000027,-0.10334116519971005,1.0637244,0.9386006,7.246742865435408,0.07659955290840041,0.3429383,0.19604748,7.255567391593793,10.000000000000007,0.39501742,2.9320000000000026,0.21367284172369885,0.8747639,1.1334444,3.060118065680456,0.11206702302933806,0.1019645,0.10153323,6.428157238409097,1.0090000000000008,0.14389257,2.0060000000000016,0.5555059630259831,0.67858773,1.3745745,1.0085799364720174,0.10109709692244247
truck_images_blur_7,46.92259658271495,26.627163388591406,7.11071833552176,-3.52580852976499,7.99886005478056,5.822611609877079,-2.703365471813468,14.254338882433535,6.517680984289339,0.10615603,0.057369743,7.23543741653822,10.000000000000007,0.1206662,3.0850000000000026,0.14479839931347993,0.9140086,1.0887018,3.423982258556535,0.031003675701785256,0.80915296,0.12602802,6.923469161718394,10.000000000000007,0.81890863,2.348000000000002,-0.32857113863542453,1.2103028,0.80526567,41.22257278053803,0.019628881903207947,0.4940681,0.19092298,7.325365081966572,10.000000000000007,0.5296737,2.8520000000000025,-0.05300549076248936,1.0324813,0.96818364,6.696766970463216,0.07377711269000395,0.3150849,0.17150892,7.208294274403403,10.000000000000007,0.35873845,2.7410000000000023,0.2075859058560311,0.8768699,1.1294283,3.3751239826017354,0.09335505608823305,0.19084698,0.126028,6.923469161718394,3.444000000000003,0.2287036,2.348000000000002,0.3285718639157584,0.80526537,1.2103034,2.2932131294183478,0.08322252697167808
drjohnson_images_blur_3_edge_enhanced_both_enhanced,28.646190489824296,22.65342676143666,6.9760790192360815,2.2550257083453387,7.456975633991106,6.047845031267004,9.747047633089963,11.468570853290126,6.292473588801419,0.08351731,0.05757977,7.163189020842534,2.8020000000000023,0.101442344,3.7580000000000036,0.28288571727208905,0.83765996,1.175083,2.103857602811331,0.039697229816295324,0.8525789,0.11906221,6.732641191794844,10.000000000000007,0.8608522,2.4030000000000022,-0.442654359266224,1.2883171,0.7438086,51.277213424664524,0.016626856172053162,0.4858009,0.1892569,7.331082391118951,10.000000000000007,0.521364,2.8160000000000025,-0.048138161744104374,1.0295113,0.9710634,6.5889524305248415,0.07372961258305938,0.366778,0.1893428,7.319215552688364,10.000000000000007,0.41276693,2.9700000000000024,0.15791431130767755,0.9065093,1.0975149,3.752425429258949,0.09774423894126498,0.14742114,0.119062215,6.732644147196537,1.6420000000000012,0.1894959,2.4030000000000022,0.4426541654455,0.74380875,1.288317,1.5331149072446806,0.09615790854278179
train_images_dark_025,12.045128123123673,9.134348899983541,7.048423460575654,-0.7062375411706167,1.9553363643649055,5.5446221961005575,1.5931719913233473,3.4619667744633693,5.75926689872256,0.088908754,0.05612158,7.199365726830125,4.571000000000004,0.10513963,3.132000000000003,0.23203789354076235,0.8641392,1.1438079,2.5097875439153086,0.03542481489814822,0.84496105,0.11744816,6.844125184242762,10.000000000000007,0.8530844,2.217000000000002,-0.40975311382954627,1.2670999,0.7591731,51.75932721683262,0.016324807789708067,0.51796365,0.19367002,7.338165598581669,10.000000000000007,0.5529862,2.9470000000000027,-0.09146508044558231,1.0562348,0.9455433,7.1528876991743005,0.07241322557685073,0.32699737,0.17964059,7.247601349536453,10.000000000000007,0.37309176,2.7990000000000026,0.21579584991652406,0.87271285,1.134844,3.3135015760596076,0.09868634277681972,0.15503898,0.11744816,6.8441222923852445,1.9830000000000017,0.19450171,2.217000000000002,0.409752729156942,0.75917333,1.2670996,1.7425974688208612,0.08897005418192869
drjohnson_images_blur_3_edge_enhanced,35.27810748688518,26.51419196790077,7.176016220946895,2.8034826728840945,8.235159786097265,6.214572038582434,11.51377393349581,12.540546940249257,6.473855029491512,0.08895622,0.05864492,7.206760707613513,3.475000000000003,0.10654771,3.7390000000000034,0.23499371104205422,0.8637819,1.1441517,2.3008823670130027,0.03866178328731317,0.8414536,0.12277139,6.817308731611021,10.000000000000007,0.8503628,2.453000000000002,-0.4041427113756201,1.260864,0.7646447,46.975199458105635,0.017912719685500678,0.47760725,0.18674736,7.3216314197628884,10.000000000000007,0.51281875,2.8510000000000026,-0.04467755084739137,1.0273356,0.9731387,6.540869079359254,0.07301892821058555,0.36384645,0.18776864,7.3127429080093815,10.000000000000007,0.40943995,2.9390000000000027,0.16205111204334924,0.904006,1.1001585,3.7548518925323293,0.0969003510136492,0.15854637,0.12277139,6.817305795532669,1.8530000000000013,0.20052351,2.453000000000002,0.404135429681532,0.76464456,1.260855,1.6677113825608103,0.0950682274759317
truck_images_blur_3,46.79832966726623,27.173437902382997,7.246685736518001,-3.489345275492797,7.952342522729597,5.873748066266607,-2.6370252378632197,14.122745075983223,6.61608063182904,0.110663675,0.057834435,7.278585229241446,10.000000000000007,0.12486488,2.8950000000000027,0.10593847406546106,0.93630975,1.0646784,3.66135386886981,0.030224796034171855,0.7993626,0.12835117,6.997786827180689,10.000000000000007,0.80960137,2.3100000000000023,-0.3032354066816492,1.1938657,0.8194846,38.787558401527576,0.020608737169680695,0.48325345,0.18822849,7.329917202913102,10.000000000000007,0.51861686,2.8550000000000026,-0.045413913504158604,1.0278019,0.9727173,6.591491232677299,0.07331473601557427,0.3161092,0.17256285,7.222819154682465,10.000000000000007,0.36014256,2.714000000000002,0.21776313677058703,0.87117827,1.1363213,3.3557082421822457,0.0942004488706457,0.20063742,0.12835117,6.997784457627213,4.160000000000004,0.23817895,2.3100000000000023,0.303235261848694,0.81948465,1.1938655,2.443591621588226,0.08210758556348949
playroom_images_blur_5_edge_enhanced,49.86114330173231,25.228924950749814,7.439527573751472,16.102677235517774,18.370634458252788,6.702781990360775,35.74745692906793,27.027547079790445,6.886917926617921,0.08180071,0.05382329,7.101208958796704,3.512000000000003,0.09791967,3.143000000000003,0.3101507108628249,0.8206495,1.1943811,2.3098288408457393,0.03541418653026544,0.85860264,0.11045643,6.694222239165671,10.000000000000007,0.8656783,2.0780000000000016,-0.4695240446503478,1.3112491,0.7252843,60.4238693666739,0.014209659991029189,0.5078545,0.18926995,7.330482512361304,10.000000000000007,0.5419768,2.8500000000000023,-0.08106609497503181,1.0498052,0.9514639,7.199816222170341,0.07053714906568173,0.3507481,0.1846051,7.2774345071063635,10.000000000000007,0.39636195,2.878000000000003,0.18025561214321556,0.8933423,1.1118555,3.610017576239045,0.09715966405688148,0.14139736,0.11045643,6.6942047222843595,1.8050000000000013,0.17942593,2.0780000000000016,0.4695240446503478,0.7252843,1.3112491,1.6387273967251446,0.08628486334249866
train_images_edge_enhanced_both_enhanced,38.13000174836609,31.54700224762714,7.1979368751210755,-0.8331559501966265,16.048349673234124,6.133487735484754,4.3860495182939685,18.76410438571708,6.282679285224363,0.07425682,0.058462434,7.082117318915221,1.7640000000000013,0.0945086,4.141000000000004,0.32752342969699605,0.81373215,1.2026184,1.6133411490688019,0.04602672889830674,0.86950487,0.11809636,6.674386900005679,10.000000000000007,0.877488,2.3950000000000022,-0.47789390777933355,1.3122857,0.72425085,54.20986365585941,0.01603960653382385,0.48591125,0.19234425,7.300568661696891,10.000000000000007,0.52259487,2.5600000000000023,-0.030362082367996708,1.0188053,0.98166245,6.382086652154669,0.07613673585302991,0.38359365,0.19730955,7.327505352149504,10.000000000000007,0.43136355,2.9530000000000025,0.1320814717995806,0.9214871,1.0813102,3.7796699766550432,0.1014886648334338,0.1304951,0.118096344,6.6743830826860355,1.2370000000000008,0.17599854,2.3950000000000022,0.4778943437437795,0.7242507,1.312286,1.2210197731074004,0.10687385264509004
playroom_images_blur_3,46.036070081918,19.788561506861207,7.331504817854648,16.816546867142147,14.148753223137154,6.727448599431112,36.460225303676225,19.442559488281283,6.963588290296023,0.07439905,0.053217717,7.10821783827487,2.416000000000002,0.09147281,2.9240000000000026,0.3493749989285397,0.7987797,1.2218279,1.9544870001983696,0.03806576677958314,0.8737787,0.10769418,6.706679323559137,10.000000000000007,0.88039017,1.9310000000000016,-0.5007493522300703,1.3357867,0.7056261,65.83077990356833,0.013273101877097907,0.5489979,0.20461845,7.372716994300269,10.000000000000007,0.5858894,2.950000000000003,-0.09403565080787496,1.0577542,0.9439598,7.1988361799481595,0.07626203111329936,0.32478076,0.18711375,7.275889615078149,10.000000000000007,0.37482426,2.9650000000000025,0.22157394976993758,0.8702433,1.1382798,3.0128647548824716,0.10779798669406059,0.1262213,0.10769418,6.70668677666336,1.4230000000000012,0.16592038,1.9310000000000016,0.5007493522300703,0.7056261,1.3357867,1.3736984063280602,0.09188428411263834
truck_images_edge_enhanced_both_enhanced,46.200507657149224,28.481121953411815,7.329676839067716,-2.2446610467238424,10.9277276545887,6.033283598908652,-9.333492546059697,16.321163633940348,6.58158800557868,0.10681666,0.058241352,7.259502335018297,10.000000000000007,0.12166278,3.144000000000003,0.13714932335286728,0.9184689,1.0837305,3.363703763909953,0.031755668114459214,0.80518883,0.12765688,6.926141781930773,10.000000000000007,0.81524545,2.353000000000002,-0.3233570775047446,1.2068313,0.80830073,39.78411569059267,0.02023895344556661,0.4587455,0.17950116,7.304874773772541,10.000000000000007,0.4926133,2.8240000000000025,-0.043915451708768434,1.0268942,0.97358453,6.5314821695583305,0.07023605365088278,0.34644336,0.17877327,7.264398050266127,10.000000000000007,0.38984954,2.8220000000000027,0.17557940965301932,0.89589113,1.109041,3.755449274760622,0.09225083829101839,0.19481125,0.12765688,6.926143696880782,3.593000000000003,0.23291112,2.353000000000002,0.3233560619108202,0.8083014,1.2068307,2.328853984537105,0.08365111841966658
train_images_edge_enhanced,42.14847745860292,32.86573344750828,7.155540053941983,-0.673975608618768,10.3053067753723,6.013199311475482,2.2764513905664248,14.676580066024428,6.274108377834854,0.08521574,0.058188934,7.177598432607661,2.9230000000000027,0.1031875,3.7800000000000034,0.25846337768176975,0.8507739,1.1589761,2.1446724654797578,0.03973368208315644,0.84826666,0.12037632,6.779618123298195,10.000000000000007,0.8567652,2.4060000000000024,-0.4198305077095332,1.2719612,0.75558674,49.65749969040394,0.0170823480583235,0.46549702,0.18251376,7.303561953159782,10.000000000000007,0.49999863,2.9060000000000024,-0.0434072909867857,1.0265377,0.973954,6.504961041571335,0.07156030579528068,0.38276958,0.19135444,7.338920603713191,10.000000000000007,0.42793566,3.0240000000000027,0.13614500023444495,0.9192931,1.083765,4.001289471580094,0.09566156814469946,0.15173331,0.12037632,6.779620815840624,1.7260000000000013,0.19368374,2.4060000000000024,0.41983089539482416,0.7555865,1.2719615,1.5888463104038806,0.09549904661614725
train_images_blur_7_exposure_corrected,33.355198896725604,22.996420412733222,7.207766854420466,-1.5687649152342933,8.898139460928906,6.1375119911226195,3.1513695711435923,15.598343167468105,6.275728392331768,0.08401228,0.057093382,7.177793818167234,2.9880000000000027,0.10157569,3.388000000000003,0.2631540308522129,0.8473361,1.1629877,2.1653435893181836,0.03879858747246292,0.8530435,0.11755754,6.805385308997204,10.000000000000007,0.8611053,2.2620000000000022,-0.4282131342461815,1.2788546,0.7491003,52.65678195253804,0.016200069205208258,0.50174135,0.18752636,7.303704738624642,10.000000000000007,0.5356393,2.7980000000000027,-0.06761816668347553,1.0414749,0.95933574,7.158927497352124,0.0700861036856161,0.35130212,0.18447204,7.273096103207268,10.000000000000007,0.39678973,2.8700000000000028,0.17764440816406735,0.89477384,1.1101649,3.6267143534601587,0.09686512000149725,0.14695655,0.11755754,6.805373559780188,1.6860000000000013,0.18819031,2.2620000000000022,0.42821270062736233,0.7491006,1.2788544,1.562751243676658,0.0940370732660675
playroom_images_dark_075_edge_enhanced_both_enhanced,27.1639636710049,18.98782465749456,7.037577719865952,7.0439988830331,11.49016170697124,6.110197887425109,16.264059510873597,17.219454388554563,6.38310955966842,0.073277466,0.053093817,7.049045143302095,2.305000000000002,0.090490155,3.1250000000000027,0.37088295073734634,0.7886291,1.2357084,1.9048645880769897,0.03846859308781279,0.8751929,0.10653168,6.59449459195146,10.000000000000007,0.8816526,2.0450000000000017,-0.516188608762145,1.346109,0.7007755,67.49337270054093,0.012967093900447634,0.5270786,0.19617508,7.341613600442469,10.000000000000007,0.56240153,2.8040000000000025,-0.08234722908395405,1.0507643,0.950749,7.2189531901588,0.0730131693988252,0.34811437,0.18883517,7.2985423797761655,10.000000000000007,0.3960321,3.0080000000000027,0.17950913527750742,0.893938,1.1108745,3.398515611654375,0.10243129415912812,0.12480709,0.10653167,6.594481715965686,1.421000000000001,0.16408996,2.0450000000000017,0.5161889424975874,0.7007753,1.3461093,1.3725624455000798,0.09092998415450129
train_images_blur_5_edge_enhanced,44.98090752350548,32.259177672811205,7.184590453626372,-0.7499514245304552,9.926408355255395,6.027847459288174,1.4541210637662274,15.864645326567794,6.287589047413008,0.09277958,0.057824224,7.2433895065347835,5.058000000000004,0.10932371,3.529000000000003,0.22021958722264792,0.871658,1.1352031,2.5744678630035764,0.036038349491733006,0.8333743,0.12216891,6.913175910783561,10.000000000000007,0.8422813,2.381000000000002,-0.3882622993535299,1.2505175,0.77251565,46.533015987851286,0.017909312918449095,0.46198148,0.18197826,7.290239839646636,10.000000000000007,0.49653074,2.8190000000000026,-0.04225879328417778,1.025894,0.9745887,6.44484447833571,0.07168232553511077,0.37139288,0.18667422,7.320907000012038,10.000000000000007,0.4156678,2.9040000000000026,0.1441598461896917,0.9142335,1.0888774,3.9582285421349894,0.09382805334793116,0.16662566,0.12216891,6.913173542976324,2.2100000000000017,0.20661384,2.381000000000002,0.3882624445971346,0.7725155,1.2505175,1.8602217625630715,0.08957300559447688
playroom_images,45.42460436789544,20.38047546490552,7.3220818905643315,17.115809966152813,14.609254699120257,6.666950949948767,36.73933972042512,20.278819815732295,7.024963543594036,0.07437876,0.054272715,7.061791658640864,2.247000000000002,0.09207427,3.1970000000000027,0.3349367124513061,0.8076163,1.2107793,1.8782054672686996,0.03960096989856173,0.87375826,0.1095331,6.628070783619787,10.000000000000007,0.8805968,2.056000000000002,-0.49497866182563127,1.3298573,0.7114064,63.63560622435125,0.013730649672717097,0.5525472,0.20366287,7.374689596611564,10.000000000000007,0.5888856,2.886000000000003,-0.10182170171452326,1.0626516,0.93924385,7.360772948043234,0.07506646154443876,0.321211,0.18604326,7.2572023196326985,10.000000000000007,0.37119797,2.8470000000000026,0.23142254219255792,0.8640404,1.1448007,2.980995837640478,0.10775292107064409,0.12624177,0.1095331,6.628065325570353,1.3650000000000009,0.16713543,2.056000000000002,0.494978280187892,0.71140665,1.3298571,1.3283843763015426,0.09503406200487885
drjohnson_images_dark_025_exposure_corrected,7.348865975050151,6.649568800111878,4.991336823039754,0.358191901192111,0.9430561573414974,4.765298006009563,1.6457866613811711,1.8495737084700599,4.797474493070117,0.045970272,0.044835716,4.837204514098395,1.0560000000000007,0.064157605,1.5040000000000011,0.44645142698350465,0.7173372,1.2988735,1.0550864180004282,0.043570144094521514,0.9298012,0.08683621,4.790792772462098,10.000000000000007,0.93383265,0.8960000000000006,-0.6804380630466184,1.5455252,0.5547866,115.0695980032915,0.00808033746654412,0.6861185,0.19310494,4.9380662820758525,10.000000000000007,0.7126798,4.1540000000000035,-0.3684140449969258,1.232364,0.7949863,12.670494981617196,0.05415088173077812,0.2436827,0.17159395,4.95473503015347,2.586000000000002,0.29785678,3.8930000000000033,0.34825120622525235,0.800475,1.2151461,2.0240794955160624,0.12039186357504027,0.07019881,0.08683621,4.790792772462098,0.6850000000000005,0.11153914,0.8960000000000006,0.6804376127462337,0.55478704,1.545525,0.6559034233968966,0.1070261377637846
playroom_images_blur_5_edge_enhanced_both_enhanced,42.562196502279754,23.610001295780325,7.3230310476075084,13.088433023508752,16.72665124037646,6.669971939337531,29.451279173039083,24.40299605070985,6.818717208738667,0.07409473,0.05275639,7.119523493488505,2.4590000000000023,0.09095716,3.0120000000000027,0.3474640679710401,0.7996131,1.219485,1.972576740014631,0.037562406901316805,0.87351644,0.10623129,6.725339488516249,10.000000000000007,0.8799522,1.9810000000000014,-0.50114691670189,1.3354174,0.70663685,67.61557326518323,0.012918865041104744,0.52015454,0.19351955,7.344722733465972,10.000000000000007,0.5549863,2.8840000000000026,-0.08814683792844537,1.0542973,0.94745815,7.224778569656337,0.07199591569716608,0.35336193,0.18777168,7.297553262255979,10.000000000000007,0.40015262,2.9060000000000024,0.17693723381613563,0.8952336,1.1095755,3.5415124357349583,0.09977712073967823,0.12648349,0.10623129,6.725343316906346,1.480000000000001,0.1651754,1.9810000000000014,0.5011477718051791,0.70663625,1.3354179,1.4176604479894763,0.08921987716772507
playroom_images_blur_7,45.87445479531654,19.802118642442743,7.311546002651367,17.158137707562812,14.144673331499819,6.677226051108618,37.00906697782317,19.694616421399193,7.0039488236069705,0.06704978,0.053083926,6.950672365737123,1.7360000000000013,0.08551846,3.319000000000003,0.3833528264449126,0.78217465,1.2425606,1.5954924510452315,0.042024507974038366,0.88675684,0.10505958,6.493339275413134,10.000000000000007,0.89295834,2.0770000000000017,-0.5312530186383888,1.3566663,0.6936292,71.24655241368237,0.01244631099702424,0.5545519,0.20664503,7.3237713302702865,10.000000000000007,0.59180015,3.0500000000000025,-0.08985247600202653,1.0550194,0.94653416,7.202124574705579,0.07699837099313772,0.33220494,0.19010657,7.2404258891493996,10.000000000000007,0.38275114,3.0250000000000026,0.21235085725114575,0.8753253,1.1318531,3.0538243787750616,0.1087832495552906,0.113243125,0.10505958,6.493339275413134,1.1700000000000008,0.1544696,2.0770000000000017,0.5312534484579539,0.6936289,1.3566666,1.1619260890402217,0.09746155750888762
truck_images_dark_050_edge_enhanced_both_enhanced,53.80252750681327,31.737279396723327,7.161545714143152,0.127418124038104,12.64775190295083,6.177812339929127,-4.42010412245568,14.614725870946696,6.371441544103499,0.11799856,0.056266047,7.240388453964441,10.000000000000007,0.13072684,2.7710000000000026,0.08738527129731108,0.9472984,1.0535271,4.39808548898236,0.02682952876378378,0.7827656,0.12704739,6.9389867665916904,10.000000000000007,0.7930088,2.287000000000002,-0.2789543371252659,1.1780373,0.8333035,37.96077381583041,0.020620381244833626,0.45603186,0.17935377,7.298980528871506,10.000000000000007,0.49003327,2.8480000000000025,-0.03963247612842612,1.0242579,0.9761773,6.465056818670348,0.07053794812098031,0.32673374,0.17184906,7.216795686791415,10.000000000000007,0.36917046,2.7190000000000025,0.19548924498224673,0.8839547,1.1219436,3.6149029821874734,0.0903851978163594,0.21723439,0.12704739,6.938987898918954,10.000000000000007,0.25165793,2.287000000000002,0.2789542888939193,0.8333036,1.1780373,2.9236724732277395,0.07430189023590715
